plan_name,bucket
(Rockport Community) WORKERSCOMP,Other Government
(hie) oscar health (hie),Commercial
(rockport community) workerscomp,Other Government
(rockport) workerscomp,Other Government
=- other selfpay - other,Self Pay
=-fl bcbsflhealthoptions,Commercial
=-fl bcbsflhealthoptionsmgdmcare,Medicare
=-fl bcbsflhealthoptionsmti,Commercial
=-fl bcbsflmybluehmo,Commercial
=-fl bcbsflnetworkblue,Commercial
=-fl bcbsflnetworkbluemti,Commercial
=-fl bcbsflphs,Commercial
=-fl bcbsflppc,Commercial
=-fl bcbsflppcphsmti,Commercial
=-fl bcbsflppomgdmcare,Medicare
=-fl bcbsflsimplybluehmo,Commercial
=-fl bcbsflwc,Commercial
/coventry workers comp aetna/coventry workers comp,Other Government
1020_AETNA NEW BUSINESS DISCOUNT INPATIENT 20211015,Commercial
1021_AETNA NEW BUSINESS DISCOUNT OUTPATIENT 20211015,Commercial
1072_AETNA NEW BUSINESS DISCOUNT OUTPATIENT SIFL 20220801,Commercial
1116_MEDICAID REPLACEMENT MOLINA 20210701,Medicaid
1130_MEDICARE ADVANTAGE COMMUNITY HOSPICE OUTPATIENT SIFL 20220908,Medicare
1131_MEDICAID REPLACEMENT MOLINA 20210701,Medicaid
1135_INMATE HEALTH CARE  OUTPATIENT 20220701,Other Government
1172_MEDICARE ADVANTAGE HUMANA HMO CARDIOLOGY INPATIENT 20230512,Medicare
1201_MEDICARE ADVANTAGE HUMANA HMO CARDIOLOGY INPATIENT 20230512,Medicare
1237_MEDICAID REPLACEMENT MOLINA 20210701,Medicaid
1259_90 DEGREE BENEFITS OUTPATIENT 20240101,Commercial
1260_SUNSHINE AMBETTER EXCHANGE COMMERCIAL OUTPATIENT 20240101,Commercial
1261_MEDICARE (NO SEQ) OUTPATIENT 20240101,Medicare
1262_VETERANS ADMINISTRATION OUTPATIENT 20240101,Other Government
1263_MOLINA EXCHANGE OUTPATIENT 20240101,Commercial
1264_SMARTHEALTH OUTPATIENT 20240101,Commercial
1265_MEDICARE ADVANTAGE OCCUNET OUTPATIENT 20240101,Medicare
1266_SUNSHINE MEDICARE ADVANTAGE WELLCARE OUTPATIENT 20240101,Medicare
1267_MEDICARE ADVANTAGE BLUE CROSS OUTPATIENT 20240101,Medicare
1268_MEDICARE ADVANTAGE ALIGNMENT HEALTHCARE OUTPATIENT 20240101,Medicare
1269_MEDICARE ADVANTAGE BRIGHT HEALTH OUTPATIENT 20240101,Medicare
1271_MEDICARE ADVANTAGE CAREPLUS OUTPATIENT 20240101,Medicare
1272_MEDICARE ADVANTAGE COMMUNITY HOSPICE OUTPATIENT 20240101,Medicare
1273_MEDICARE ADVANTAGE COVENTRY HMO OUTPATIENT 20240101,Medicare
1274_MEDICARE ADVANTAGE HAVEN HOSPICE OUTPATIENT 20240101,Medicare
1275_MEDICARE ADVANTAGE HUMANA HMO OUTPATIENT 20240101,Medicare
1276_MEDICARE ADVANTAGE HUMANA PPO OUTPATIENT 20240101,Medicare
1277_MEDICARE ADVANTAGE MOLINA OUTPATIENT 20240101,Medicare
1278_MEDICARE ADVANTAGE OUTPATIENT 20240101,Medicare
1279_MEDICARE ADVANTAGE UNITED HEALTH CARE WELLMED OUTPATIENT 20240101,Medicare
1293_MEDICARE ADVANTAGE AETNA OUTPATIENT 20240201,Medicare
1294_MEDICARE ADVANTAGE HUMANA HMO CARDIOLOGY INPATIENT 20230512,Medicare
1296_AETNA QUALIFIED HEALTH PLANS (QHP) OUTPATIENT 20240201,Commercial
1298_AETNA WHOLE HEALTH OUTPATIENT 20240201,Commercial
1333_SUNSHINE AMBETTER EXCHANGE COMMERCIAL OUTPATIENT 20240101,Commercial
1334_90 DEGREE BENEFITS OUTPATIENT 20240101,Commercial
1335_MOLINA EXCHANGE OUTPATIENT 20240101,Commercial
1336_SMARTHEALTH OUTPATIENT 20240101,Commercial
1337_VETERANS ADMINISTRATION OUTPATIENT 20240101,Other Government
1338_MEDICARE ADVANTAGE OCCUNET OUTPATIENT 20240101,Medicare
1339_MEDICARE ADVANTAGE BRIGHT HEALTH OUTPATIENT 20240101,Medicare
1340_MEDICARE ADVANTAGE ALIGNMENT HEALTHCARE OUTPATIENT 20240101,Medicare
1340_SMARTHEALTH INPATIENT 20241001,Commercial
1341_MEDICARE ADVANTAGE ALIGNMENT HEALTHCARE INPATIENT 20241001,Medicare
1342_MEDICARE ADVANTAGE OCCUNET INPATIENT 20241001,Medicare
1343_MOLINA EXCHANGE INPATIENT 20241001,Commercial
1344_MEDICARE ADVANTAGE BRIGHT HEALTH INPATIENT 20241001,Medicare
1344_MEDICARE ADVANTAGE COMMUNITY HOSPICE OUTPATIENT SCFL 20240101,Medicare
1345_90 DEGREE BENEFITS INPATIENT 20241001,Commercial
1345_MEDICARE ADVANTAGE COVENTRY HMO OUTPATIENT 20240101,Medicare
1346_MEDICARE ADVANTAGE HAVEN HOSPICE OUTPATIENT 20240101,Medicare
1346_SUNSHINE AMBETTER EXCHANGE COMMERCIAL INPATIENT 20241001,Commercial
1347_MEDICARE (NO SEQ) INPATIENT 20241001,Medicare
1347_MEDICARE ADVANTAGE HUMANA HMO OUTPATIENT SCFL 20240101,Medicare
1348_MEDICARE ADVANTAGE HUMANA PPO OUTPATIENT 20240101,Medicare
1348_VETERANS ADMINISTRATION INPATIENT 20241001,Other Government
1349_AETNA NEW BUSINESS DISCOUNT INPATIENT 20241001,Commercial
1349_MEDICARE ADVANTAGE MOLINA OUTPATIENT 20240101,Medicare
1350_MEDICARE ADVANTAGE OUTPATIENT 20240101,Medicare
1351_MEDICARE ADVANTAGE BLUE CROSS INPATIENT 20241001,Medicare
1351_MEDICARE ADVANTAGE UNITED HEALTH CARE WELLMED OUTPATIENT 20240101,Medicare
1352_MEDICARE ADVANTAGE CAREPLUS INPATIENT 20241001,Medicare
1352_MEDICARE ADVANTAGE CAREPLUS OUTPATIENT SCFL 20240101,Medicare
1353_MEDICARE ADVANTAGE CAREPLUS OUTPATIENT SIFL 20240101,Medicare
1353_MEDICARE ADVANTAGE COVENTRY HMO INPATIENT 20241001,Medicare
1354_MEDICARE ADVANTAGE HUMANA PPO INPATIENT 20241001,Medicare
1354_SUNSHINE MEDICARE ADVANTAGE WELLCARE OUTPATIENT 20240101,Medicare
1355_MEDICARE ADVANTAGE BLUE CROSS OUTPATIENT 20240101,Medicare
1355_MEDICARE ADVANTAGE INPATIENT 20241001,Medicare
1356_MEDICARE ADVANTAGE MOLINA INPATIENT 20241001,Medicare
1357_MEDICARE ADVANTAGE UNITED HEALTH CARE WELLMED INPATIENT 20241001,Medicare
1358_SUNSHINE MEDICARE ADVANTAGE WELLCARE INPATIENT 20241001,Medicare
1359_CIGNA HEALTHSPRING INPATIENT 20241001,Commercial
1360_MEDICARE ADVANTAGE HUMANA HMO INPATIENT 20241001,Medicare
1361_MEDICARE ADVANTAGE AETNA INPATIENT 20241001,Medicare
1362_AETNA WHOLE HEALTH INPATIENT 20241001,Commercial
1363_CIGNA HEALTHSPRING OUTPATIENT 20241001,Commercial
1365_AETNA QUALIFIED HEALTH PLANS (QHP) INPATIENT 20241001,Commercial
1368_MEDICARE ADVANTAGE HUMANA HMO OUTPATIENT SIFL 20240101,Medicare
1380_90 DEGREE BENEFITS OUTPATIENT 20240101,Commercial
1382_SUNSHINE AMBETTER EXCHANGE COMMERCIAL OUTPATIENT 20240101,Commercial
1383_MEDICARE ADVANTAGE (NO SEQ) OUTPATIENT 20240101,Medicare
1384_MEDICARE ADVANTAGE OCCUNET OUTPATIENT 20240101,Medicare
1385_MOLINA EXCHANGE OUTPATIENT 20240101,Commercial
1385_UNITED HEALTH CARE PPO 20220701,Commercial
1386_VETERANS ADMINISTRATION OUTPATIENT 20240101,Other Government
1387_SMARTHEALTH OUTPATIENT 20240101,Commercial
1388_MEDICARE ADVANTAGE ALIGNMENT HEALTHCARE OUTPATIENT 20240101,Medicare
1389_SUNSHINE MEDICARE ADVANTAGE WELLCARE OUTPATIENT 20240101,Medicare
1390_MEDICARE ADVANTAGE AETNA OUTPATIENT 20240201,Medicare
1390_MEDICARE ADVANTAGE BLUE CROSS OUTPATIENT 20240101,Medicare
1391_MEDICARE ADVANTAGE MOLINA OUTPATIENT 20240101,Medicare
1392_MEDICARE ADVANTAGE BRIGHT HEALTH OUTPATIENT 20240101,Medicare
1395_AETNA QUALIFIED HEALTH PLANS (QHP) OUTPATIENT SCFL 20240201,Commercial
1396_MEDICARE ADVANTAGE CAREPLUS OUTPATIENT 20240101,Medicare
1397_AETNA WHOLE HEALTH OUTPATIENT SCFL 20240201,Commercial
1397_MEDICARE ADVANTAGE COMMUNITY HOSPICE OUTPATIENT 20240101,Medicare
1398_MEDICARE ADVANTAGE COVENTRY HMO OUTPATIENT 20240101,Medicare
1399_AETNA QUALIFIED HEALTH PLANS (QHP) OUTPATIENT SIFL 20240201,Commercial
1399_MEDICARE ADVANTAGE HAVEN HOSPICE OUTPATIENT 20240101,Medicare
1400_MEDICARE ADVANTAGE HEARTLAND HC OUTPATIENT 20240101,Medicare
1401_AETNA WHOLE HEALTH OUTPATIENT SIFL 20240201,Commercial
1401_MEDICARE ADVANTAGE HUMANA HMO OUTPATIENT 20240101,Medicare
1402_MEDICARE ADVANTAGE HUMANA PPO OUTPATIENT 20240101,Medicare
1403_MEDICARE ADVANTAGE OUTPATIENT 20240101,Medicare
1404_MEDICARE ADVANTAGE UNITED HEALTH CARE WELLMED OUTPATIENT 20240101,Medicare
1418_MEDICARE ADVANTAGE AETNA OUTPATIENT 20240201,Medicare
1421_AETNA QUALIFIED HEALTH PLAN (QHP) OUTPATIENT 20240201,Commercial
1423_AETNA WHOLE HEALTH OUTPATIENT 20240201,Commercial
1468_SMARTHEALTH INPATIENT 20241001,Commercial
1469_MEDICARE ADVANTAGE ALIGNMENT HEALTHCARE INPATIENT 20241001,Medicare
1470_90 DEGREE BENEFITS INPATIENT 20241001,Commercial
1471_CIGNA HEALTHSPRING INPATIENT 20241001,Commercial
1471_MEDICARE ADVANTAGE (NO SEQ) INPATIENT 20241001,Medicare
1472_CIGNA HEALTHSPRING OUTPATIENT 20241001,Commercial
1472_FACILITY BILLING OUTPATIENT PSH 20190101,Commercial
1472_MEDICARE ADVANTAGE BRIGHT HEALTH INPATIENT 20241001,Medicare
1473_MEDICARE ADVANTAGE BLUE CROSS INPATIENT 20241001,Medicare
1474_MEDICARE ADVANTAGE CAREPLUS INPATIENT 20241001,Medicare
1474_SMARTHEALTH INPATIENT 20241001,Commercial
1475_MEDICARE ADVANTAGE ALIGNMENT HEALTHCARE INPATIENT 20241001,Medicare
1475_MEDICARE ADVANTAGE COVENTRY HMO INPATIENT 20241001,Medicare
1476_MEDICARE ADVANTAGE HEARTLAND HC INPATIENT 20241001,Medicare
1476_MEDICARE ADVANTAGE OCCUNET INPATIENT 20241001,Medicare
1477_MEDICARE ADVANTAGE HUMANA PPO INPATIENT 20241001,Medicare
1477_MEDICARE ADVANTAGE UNITED HEALTH CARE WELLMED INPATIENT 20241001,Medicare
1478_MEDICARE ADVANTAGE INPATIENT 20241001,Medicare
1478_VETERANS ADMINISTRATION INPATIENT 20241001,Other Government
1479_MEDICARE ADVANTAGE UNITED HEALTH CARE WELLMED INPATIENT 20241001,Medicare
1479_SUNSHINE MEDICARE ADVANTAGE WELLCARE INPATIENT 20241001,Commercial
1480_90 DEGREE BENEFITS INPATIENT 20241001,Commercial
1480_SUNSHINE MEDICARE ADVANTAGE WELLCARE INPATIENT 20241001,Commercial
1481_AETNA NEW BUSINESS DISCOUNT INPATIENT SCFL 20241001,Commercial
1481_MEDICARE ADVANTAGE MOLINA INPATIENT 20241001,Medicare
1482_AETNA NEW BUSINESS DISCOUNT INPATIENT SIFL 20241001,Commercial
1482_MEDICARE ADVANTAGE OCCUNET INPATIENT 20241001,Medicare
1483_MOLINA EXCHANGE INPATIENT 20241001,Commercial
1483_SUNSHINE AMBETTER EXCHANGE COMMERCIAL INPATIENT 20241001,Commercial
1484_MEDICARE ADVANTAGE BLUE CROSS INPATIENT 20241001,Medicare
1484_VETERANS ADMINISTRATION INPATIENT 20241001,Other Government
1485_MEDICARE ADVANTAGE BRIGHT HEALTH INPATIENT 20241001,Medicare
1485_SUNSHINE AMBETTER EXCHANGE COMMERCIAL INPATIENT 20241001,Commercial
1486_MEDICARE ADVANTAGE CAREPLUS INPATIENT SCFL 20241001,Medicare
1487_CIGNA HEALTHSPRING INPATIENT 20241001,Commercial
1487_MEDICARE ADVANTAGE CAREPLUS INPATIENT SIFL 20241001,Medicare
1488_MEDICARE ADVANTAGE COVENTRY HMO INPATIENT 20241001,Medicare
1488_MEDICARE ADVANTAGE HUMANA HMO INPATIENT 20241001,Medicare
1489_MEDICARE ADVANTAGE AETNA INPATIENT 20241001,Medicare
1489_MEDICARE ADVANTAGE HUMANA PPO INPATIENT 20241001,Medicare
1490_AETNA WHOLE HEALTH INPATIENT 20241001,Commercial
1490_INMATE HEALTH CARE  INPATIENT 20241001,Other Government
1491_CIGNA HEALTHSPRING OUTPATIENT 20241001,Commercial
1492_MEDICARE ADVANTAGE INPATIENT 20241001,Medicare
1493_AETNA QUALIFIED HEALTH PLAN (QHP) INPATIENT 20241001,Commercial
1493_MOLINA EXCHANGE INPATIENT 20241001,Commercial
1494_MEDICARE ADVANTAGE MOLINA INPATIENT 20241001,Medicare
1495_AETNA RIVER 20241001,Commercial
1495_MEDICARE ADVANTAGE HUMANA HMO INPATIENT SCFL 20241001,Medicare
1496_MEDICARE ADVANTAGE HUMANA HMO INPATIENT SIFL 20241001,Medicare
1497_BLUE CROSS BLUE SHIELD BSL 20241001,Commercial
1498_BLUE CROSS BLUE SHIELD HMO 20241001,Commercial
1498_MEDICARE ADVANTAGE AETNA INPATIENT 20241001,Medicare
1499_AETNA QUALIFIED HEALTH PLANS (QHP) INPATIENT SCFL 20241001,Commercial
1499_BLUE CROSS BLUE SHIELD MBN 20241001,Commercial
1500_AETNA WHOLE HEALTH INPATIENT SCFL 20241001,Commercial
1500_BLUE CROSS BLUE SHIELD NWB 20241001,Commercial
1501_AETNA QUALIFIED HEALTH PLANS (QHP) INPATIENT SIFL 20241001,Commercial
1501_BLUE CROSS BLUE SHIELD PHS 20241001,Commercial
1502_AETNA WHOLE HEALTH INPATIENT SIFL 20241001,Commercial
1502_BLUE CROSS BLUE SHIELD PPO 20241001,Commercial
1503_AETNA SCFL 20241001,Commercial
1503_BLUE CROSS BLUE SHIELD SBN 20241001,Commercial
1504_AETNA SIFL 20241001,Commercial
1504_CIGNA HMO 20241001,Commercial
1505_CIGNA HMO NEW BUSINESS 20241001,Commercial
1506_CIGNA PPO 20241001,Commercial
1509_HUMANA HMO 20241001,Commercial
1510_HUMANA PPO 20241001,Commercial
1511_UNITED HEALTH CARE 20241001,Commercial
1528_BLUE CROSS BLUE SHIELD BSL SCFL 20241001,Commercial
1529_BLUE CROSS BLUE SHIELD BSL SIFL 20241001,Commercial
1530_BLUE CROSS BLUE SHIELD HMO SCFL 20241001,Commercial
1531_BLUE CROSS BLUE SHIELD HMO SIFL 20241001,Commercial
1532_BLUE CROSS BLUE SHIELD MBN SCFL 20241001,Commercial
1533_BLUE CROSS BLUE SHIELD MBN SIFL 20241001,Commercial
1534_BLUE CROSS BLUE SHIELD NWB SCFL 20241001,Commercial
1535_BLUE CROSS BLUE SHIELD NWB SIFL 20241001,Commercial
1536_BLUE CROSS BLUE SHIELD PHS SCFL 20241001,Commercial
1537_BLUE CROSS BLUE SHIELD PHS SIFL 20241001,Commercial
1538_BLUE CROSS BLUE SHIELD PPO SCFL 20241001,Commercial
1539_BLUE CROSS BLUE SHIELD PPO SIFL 20241001,Commercial
1540_BLUE CROSS BLUE SHIELD SBN SCFL 20241001,Commercial
1541_BLUE CROSS BLUE SHIELD SBN SIFL 20241001,Commercial
1542_CIGNA HMO 20241001,Commercial
1543_CIGNA HMO NEW BUSINESS 20241001,Commercial
1544_CIGNA HMO NEW BUSINESS 20241001,Commercial
1545_CIGNA PPO 20241001,Commercial
1546_CIGNA PPO 20241001,Commercial
1548_CIGNA HMO 20241001,Commercial
1550_HUMANA HMO SCFL 20241001,Commercial
1551_HUMANA HMO SIFL 20241001,Commercial
1552_HUMANA PPO SCFL 20241001,Commercial
1553_HUMANA PPO SIFL 20241001,Commercial
1554_UNITED HEALTH CARE SCFL 20241001,Commercial
1555_UNITED HEALTH CARE SIFL 20241001,Commercial
156.65,Unknown
1772_BMFL NEIGHBORHOOD HEALTH PARTNERSHIP 20201115,Commercial
1773_**TEST BMFL BLUE CROSS BLUE SHIELD PPO 20210101,Commercial
1824_MULTIPLAN PSH 20210101,Unknown
187.2,Unknown
2 healthcare physicians mgmcr,Medicare
2114_MEDICARE ADVANTAGE OCCUNET OUTPATIENT 20221201,Medicare
2245_SUNSHINE HEALTH AMBETTER COMMERCIAL OUTPATIENT PSH 20240101,Commercial
2249_MEDICARE ADVANTAGE HUMANA GOLD OUTPATIENT BMFL 20240101,Medicare
2250_MEDICARE ADVANTAGE HUMANA GOLD OUTPATIENT PSH 20240101,Medicare
2251_MEDICARE ADVANTAGE OUTPATIENT PSH 20240101,Medicare
2252_SUNSHINE MEDICARE ADVANTAGE WELLCARE OUTPATIENT BMFL 20240101,Medicare
2253_SUNSHINE MEDICARE ADVANTAGE WELLCARE OUTPATIENT PSH 20240101,Medicare
2254_MEDICARE REPLACEMENT OUTPATIENT BMFL 20240101,Medicare
2255_SMARTHEALTH OUTPATIENT 20240101,Commercial
2260_MEDICARE ADVANTAGE BLUE OUTPATIENT BMFL 20240101,Medicare
2261_MEDICARE ADVANTAGE BLUE OUTPATIENT PSH 20240101,Medicare
2281_ENCOMPASS HEALTH REHABILITATION MEDICARE OUTPATIENT BMFL 20240215,Medicare
2284_AETNA MEDICARE REPLACEMENT OUTPATIENT BMFL 20240201,Medicare
2286_AETNA MEDICARE ADVANTAGE OUTPATIENT PSH 20240201,Medicare
2369_SMARTHEALTH INPATIENT 20241001,Commercial
2370_MEDICARE ADVANTAGE CIGNA HEALTHSPRING INPATIENT BMFL 20241001,Medicare
2371_MEDICARE ADVANTAGE CIGNA HEALTHSPRING INPATIENT PSH 20241001,Medicare
2372_MEDICARE ADVANTAGE CIGNA HEALTHSPRING OUTPATIENT BMFL 20241001,Medicare
2373_MEDICARE ADVANTAGE CIGNA HEALTHSPRING OUTPATIENT PSH 20241001,Medicare
2374_FACILITY BILLING INPATIENT PSH 20241001,Unknown
2379_MEDICARE ADVANTAGE BLUE INPATIENT PSH 20241001,Medicare
2380_MEDICARE ADVANTAGE INPATIENT PSH 20241001,Medicare
2381_MEDICARE REPLACEMENT INPATIENT BMFL 20241001,Medicare
2382_MEDICARE ADVANTAGE HUMANA GOLD INPATIENT BMFL 20241001,Medicare
2383_MEDICARE ADVANTAGE HUMANA GOLD INPATIENT PSH 20241001,Medicare
2384_MEDICARE ADVANTAGE OCCUNET INPATIENT 20241001,Medicare
2385_SUNSHINE HEALTH AMBETTER COMMERCIAL INPATIENT PSH 20241001,Commercial
2386_SUNSHINE MEDICARE ADVANTAGE WELLCARE INPATIENT BMFL 20241001,Medicare
2387_SUNSHINE MEDICARE ADVANTAGE WELLCARE INPATIENT PSH 20241001,Medicare
2388_MEDICARE ADVANTAGE BLUE INPATIENT BMFL 20241001,Medicare
2391_AETNA MEDICARE REPLACEMENT INPATIENT BMFL 20241001,Medicare
2392_AETNA MEDICARE ADVANTAGE INPATIENT PSH 20241001,Medicare
2393_AETNA BMFL 20241001,Commercial
2395_BLUE CROSS BLUE SHIELD BSL BMFL 20241001,Commercial
2397_BLUE CROSS BLUE SHIELD HMO BMFL 20241001,Commercial
2399_BLUE CROSS BLUE SHIELD MBN BMFL 20241001,Commercial
2401_BLUE CROSS BLUE SHIELD NWB BMFL 20241001,Commercial
2403_BLUE CROSS BLUE SHIELD PHS BMFL 20241001,Commercial
2405_BLUE CROSS BLUE SHIELD PPO BMFL 20241001,Commercial
2407_BLUE CROSS BLUE SHIELD SBN BMFL 20241001,Commercial
2409_CIGNA BMFL 20241001,Commercial
241.15,Unknown
2412_UNITED HEALTH CARE HMO BMFL 20241001,Commercial
2414_UNITED HEALTH CARE NHP BMFL 20241001,Commercial
29.25,Unknown
324_FACILITY BILLING OUTPATIENT 20190101,Unknown
555_EVERNORTH BEHAVIORAL HEALTH 20221123,Commercial
582_MEDICARE ADVANTAGE OCCUNET OUTPATIENT 20221201,Medicare
643_MEDICARE ADVANTAGE BLUE OUTPATIENT 20240101,Medicare
645_MEDICARE ADVANTAGE HUMANA OUTPATIENT 20240101,Medicare
646_MEDICARE ADVANTAGE OUTPATIENT 20240101,Medicare
647_SUNSHINE MEDICARE ADVANTAGE WELLCARE OUTPATIENT 20240101,Medicare
649_VETERAN OUTPATIENT 20240101,Other Government
650_SMARTHEALTH PPO OUTPATIENT 20240101,Commercial
659_SUNSHINE HEALTH AMBETTER COMMERCIAL OUTPATIENT 20240101,Commercial
664_AETNA MEDICARE ADVANTAGE OUTPATIENT 20240201,Commercial
675_EVERNORTH BEHAVIORAL HEALTH 20221123,Commercial
698_MEDICARE ADVANTAGE CIGNA HEALTHSPRING INPATIENT 20241001,Medicare
699_MEDICARE ADVANTAGE CIGNA HEALTHSRPING OUTPATIENT 20241001,Medicare
700_SUNSHINE MEDICARE ADVANTAGE WELLCARE INPATIENT 20241001,Commercial
702_VETERAN INPATIENT 20241001,Other Government
703_MEDICARE ADVANTAGE OCCUNET INPATIENT 20241001,Medicare
704_SUNSHINE HEALTH AMBETTER COMMERCIAL INPATIENT 20241001,Commercial
705_SMARTHEALTH PPO INPATIENT 20241001,Commercial
706_MEDICARE ADVANTAGE HUMANA INPATIENT 20241001,Medicare
707_MEDICARE ADVANTAGE INPATIENT 20231001,Medicare
707_MEDICARE ADVANTAGE OCCUNET OUTPATIENT 20221201,Medicare
708_MEDICARE ADVANTAGE BLUE INPATIENT 20241001,Medicare
710_AETNA MEDICARE ADVANTAGE INPATIENT 20241001,Medicare
711_AETNA 20241001,Commercial
712_BLUE CROSS BLUE SHIELD BSL 20241001,Commercial
713_BLUE CROSS BLUE SHIELD HMO 20241001,Commercial
714_BLUE CROSS BLUE SHIELD MBN 20241001,Commercial
715_BLUE CROSS BLUE SHIELD NWB 20241001,Commercial
716_BLUE CROSS BLUE SHIELD PHS 20241001,Commercial
717_BLUE CROSS BLUE SHIELD PPO 20241001,Commercial
718_BLUE CROSS BLUE SHIELD SBN 20241001,Commercial
719_CIGNA 20241001,Commercial
720_UNITED HEALTH CARE 20241001,Commercial
721_UNITED HEALTH CARE NHP SH 20241001,Commercial
771_MEDICARE ADVANTAGE AARP OUTPATIENT 20240101,Medicare
772_MEDICARE ADVANTAGE BLUE OUTPATIENT 20240101,Medicare
774_MEDICARE ADVANTAGE HUMANA GOLD OUTPATIENT 20240101,Medicare
775_MEDICARE ADVANTAGE OUTPATIENT 20240101,Medicare
776_SUNSHINE MEDICARE ADVANTAGE WELLCARE OUTPATIENT 20240101,Medicare
779_SUNSHINE AMBETTER COMMERCIAL HEALTH OUTPATIENT 20240101,Commercial
780_SMARTHEALTH PPO OUTPATIENT 20240101,Commercial
795_AETNA MEDICARE ADVANTAGE OUTPATIENT 20240201,Medicare
835_MEDICARE ADVANTAGE CIGNA HEALTHSPRING INPATIENT 20241001,Medicare
836_MEDICARE ADVANTAGE CIGNA HEALTHSPRING OUTPATIENT 20241001,Medicare
837_SMARTHEALTH PPO INPATIENT 20241001,Commercial
838_FACILITY BILLING INPATIENT 20241001,Commercial
839_MEDICARE ADVANTAGE AARP INPATIENT 20241001,Medicare
840_MEDICARE ADVANTAGE BLUE INPATIENT 20241001,Medicare
841_MEDICARE ADVANTAGE HUMANA GOLD INPATIENT 20241001,Medicare
842_MEDICARE ADVANTAGE INPATIENT 20241001,Medicare
843_SUNSHINE MEDICARE ADVANTAGE WELLCARE INPATIENT 20241001,Commercial
846_MEDICARE ADVANTAGE OCCUNET INPATIENT 20241001,Medicare
847_SUNSHINE AMBETTER COMMERCIAL HEALTH INPATIENT 20241001,Commercial
848_TRIWEST 20241001,Other Government
850_AETNA MEDICARE ADVANTAGE INPATIENT 20241001,Commercial
851_AETNA 20241001,Commercial
852_BLUE CROSS BLUE SHIELD BSL 20241001,Commercial
853_BLUE CROSS BLUE SHIELD HMO 20241001,Commercial
854_BLUE CROSS BLUE SHIELD MBN 20241001,Commercial
855_BLUE CROSS BLUE SHIELD NWB 20241001,Commercial
856_BLUE CROSS BLUE SHIELD PHS 20241001,Commercial
857_BLUE CROSS BLUE SHIELD PPO 20241001,Commercial
858_BLUE CROSS BLUE SHIELD SBN 20241001,Commercial
859_CIGNA 20241001,Commercial
860_UNITED HEALTH CARE 20241001,Commercial
861_UNITED HEALTH CARE NHP 20241001,Commercial
893_AETNA NEW BUSINESS DISCOUNT OUTPATIENT SCFL 20211015,Commercial
904_AETNA NEW BUSINESS DISCOUNT OUTPATIENT 20211015,Commercial
91.65,Unknown
947_UNITED HEALTH CARE PPO 20210101,Commercial
AARP [10027501],Commercial
ACCEL,Commercial
ACCENDO [10000120],Commercial
ACCESS BEHAVIORAL HEALTH HUMANA MCD,Medicaid
ACO,Commercial
ACO Reach,Commercial
ACTIVE DUTY MILITARY [60000109],Other Government
ADMINISTRATIVE CONCEPTS [10029201],Unknown
ADOLESCENT BEHAVIORAL HEALTH ENDOWMENT [50001908],Commercial
ADVANTAGE (100% POM) MEDICARE ADVANTAGE (100% POM),Medicare
ADVANTAGE MEDICARE ADVANTAGE (100% POM),Medicare
AETNA,Commercial
AETNA BEHAVIORAL HEALTH [10000121],Commercial
AETNA BEHAVIORAL HEALTH [10033101],Commercial
AETNA BETTER HEALTH HEALTHY KIDS,Commercial
AETNA BETTER HEALTH HEALTHY KIDS [10000114],Commercial
AETNA BETTER HEALTH MEDICAID,Medicaid
AETNA BETTER HEALTH MEDICAID HMO [25031301],Medicaid
AETNA BETTER HEALTH MEDICAID [45011601],Medicaid
AETNA CATASTROPHIC,Commercial
AETNA DUAL BETTER HEALTH [450011602],Commercial
AETNA EAP (BBH ONLY) [10700103],Commercial
AETNA EPO [10000109],Commercial
AETNA HEALTHY KIDS [21010201],Commercial
AETNA HMO,Commercial
AETNA HMO EXCHANGE,Commercial
AETNA HMO/POS [10000107],Commercial
AETNA MEDICARE,Medicare
AETNA MEDICARE ADVANTAGE,Medicare
AETNA MEDICARE HMO [45012602],Medicare
AETNA MEDICARE PPO [45012601],Medicare
AETNA MEDICARE [25051801],Medicare
AETNA MERITAIN CHOICE POS II [10000110],Commercial
AETNA MERITAIN OPEN CHOICE PPO [10000116],Commercial
AETNA NAP NATIONAL ADVANTAGE PLAN [10000117],Commercial
AETNA NAT'L RAILWAY [10000118],Commercial
AETNA PPO,Commercial
AETNA PPO [10000101],Commercial
AETNA PPO [21010105],Commercial
AETNA QHP [10000119],Commercial
AETNA SENIOR SUPPLEMENTAL [10027601],Commercial
AETNA SIGNATURE ADMIN ASA [10000113],Commercial
AETNA SRC AFFORDABLE HEALTH CHOICES [10000112],Commercial
AETNA TIER 2,Commercial
AETNA WHOLE HEALTH [10000115],Commercial
AFFORDABLE PPO,Commercial
AG ADMINISTRATORS [50001502],Commercial
AITHER HEALTH [10034201],Commercial
ALIGN MEDICARE REPLACEMENT [25052401],Commercial
ALL Humana ALL,Commercial
ALL PRODUCTS,Unknown
ALLEGIANCE BENEFIT PLAN MANAGEMENT [10000930],Commercial
ALLEGIANCE [10000936],Commercial
ALLIED BENEFIT GROUP - AETNA [10031202],Commercial
ALLIED BENEFIT GROUP - PHCS [10031201],Commercial
ALLIED BENEFIT GROUP [10031203],Commercial
ALLIED BENEFIT GROUP- CIGNA OPEN ACCESS [10031207],Commercial
ALLIED BENEFIT GROUP- CIGNA [10031204],Commercial
ALLIED BENEFIT GROUP- PHCS [10031205],Commercial
ALLIED BENEFIT GROUP-PHCS 75068 [10031206],Commercial
ALLSTATE AUTO [75000501],Commercial
AM FIRST INSURANCE COMPANY [10035501],Commercial
AMA INSURANCE [10032901],Commercial
AMBETTER COMMERCIAL,Commercial
AMBETTER OF SUNSHINE HEALTH [10025601],Commercial
AMBETTER PEACH STATE [10025602],Commercial
AMERIBEN SOLUTIONS [10031901],Commercial
AMERICAN PLAN ADMINISTRATORS [10034301],Commercial
AMERICAN PUBLIC LIFE [10034401],Commercial
AMERICAN RETIREMENT LIFE INSURANCE [10000932],Commercial
AMERIGROUP COMMUNITY CARE [45011901],Commercial
AMERIHTH CARITAS NXT EX,Commercial
AMFIRST INSURANCE COMPANY [10036901],Commercial
AMO MEDICAL [10036401],Commercial
AMTRUST [70007801],Commercial
APWU- SECONDARY [10037702],Commercial
APWU/UNITED HEALTHCARE  [10037701],Commercial
ARTHUR VINING DAVIS FOUNDATION [50001910],Commercial
ASCENSION SMARTHEALTH [10025901],Commercial
ASOEO,Commercial
ASR HEALTH BENEFITS [10034501],Commercial
ASSURANT HEALTH - AETNA ASA [10027001],Commercial
AUXIANT [10000939],Commercial
AVMED BEHAVIORAL HEALTH [10028701],Commercial
AVMED ENTRUST,Commercial
AVMED ENTRUST [10024703],Commercial
AVMED HEALTH PLAN CONTRACTED [25020401],Commercial
AVMED HMO,Commercial
AVMED HMO ENGAGE [10024705],Commercial
AVMED HMO [10024706],Commercial
AVMED INDIVIDUAL,Commercial
AVMED MEDICARE,Medicare
AVMED POS EMPOWER [10024707],Commercial
AVMED PPO,Commercial
AVMED STATE OF FLORIDA [10024704],Commercial
Aetna,Commercial
Aetna ASA,Commercial
Aetna First Health,Commercial
Aetna INTL Passport,Commercial
Aetna Work Comp FL,Commercial
All Commercial Plans/Medical Rental Network,Commercial
All Commercial Products,Commercial
All Plans,Unknown
All Products,Commercial
All Products-Transplant,Commercial
All-inclusive Care for Elderly Program,Commercial
AllPayerAppendix,Unknown
Ambetter,Commercial
Amerigroup Medicaid FL,Medicaid
Auto Insurance FL State Auto Insurance FL,Commercial
AvMed,Commercial
Avmed,Commercial
BANKERS LIFE AND CASUALTY [10029301],Commercial
BAPTIST EAP (BBH ONLY) [10700104],Commercial
BC FL PPO [21000101],Commercial
BCBS ADVANTAGE 65 [10027702],Commercial
BCBS BAPTIST EMPLOYEE [20000205],Commercial
BCBS BLUECARE HMO [20000204],Commercial
BCBS BLUEOPTIONS OUT OF STATE [20000211],Commercial
BCBS BLUEOPTIONS PPO [20000201],Commercial
BCBS BLUESELECT NON PAR [20000209],Commercial
BCBS BLUESELECT UNDER 18 [20000213],Commercial
BCBS FEDERAL EMP PROGR [20000203],Commercial
BCBS FL BSL,Commercial
BCBS FL HMO,Commercial
BCBS FL MBN,Commercial
BCBS FL NWB,Commercial
BCBS FL PHS,Commercial
BCBS FL PPO,Commercial
BCBS FL SBN,Commercial
BCBS FL SIMPLYBLUE HMO,Commercial
BCBS HMO - MYBLUE [20000207],Commercial
BCBS HMO/POS - OUT OF STATE [20000214],Commercial
BCBS HMO/PPO,Commercial
BCBS MEDICARE,Medicare
BCBS MEDICARE HMO [45012702],Medicare
BCBS MEDICARE PPO,Medicare
BCBS MEDICARE PPO [45012701],Medicare
BCBS MEDICARE REPLACEMENT [25050301],Medicare
BCBS MEDICARE SUPPLEMENT [10027701],Medicare
BCBS NETWORKBLUE,Commercial
BCBS PHS CAH,Commercial
BCBS PPC,Commercial
BCBS PPC B,Commercial
BCBS PPC CAH,Commercial
BCBS PPO OUT OF STATE [20000212],Commercial
BCBS PPO [20000202],Commercial
BCBS TRADITIONAL [20000208],Commercial
BCCEDP [50001101],Commercial
BEACON HEALTH OPTIONS [10027801],Commercial
BEACON HEALTH STRATEGIES [10027802],Commercial
BENEFIT ADMINISTRATIVE SYSTEMS [10029401],Commercial
BLUE CARE HMO,Commercial
BLUE CROSS,Commercial
BLUE CROSS BLUE SHIELD,Commercial
BLUE SELECT,Commercial
BMC EMPLOYEE HEALTH [70005701],Commercial
BOON-CHAPMAN [10000122],Commercial
BRIGHT HEALTH EXCHANGE,Commercial
BRIGHT HEALTH [10028301],Commercial
BRIGHTON HEALTH PLAN [10032501],Commercial
BRISTOL WEST AUTO INSURANCE [75001101],Commercial
BSL,Commercial
Blue Select,Commercial
Blue Select OP,Commercial
BlueSelect,Commercial
Broad Network,Commercial
CAPITAL HEALTH PLAN,Commercial
CAPITAL HEALTH PLAN [10025501],Commercial
CARELON BEHAVIORAL HEALTH MEDICAID [45011501],Medicaid
CARELON BEHAVIORAL HEALTH [10037901],Commercial
CAREPLUS HEALTH MEDICARE [45013001],Medicare
CAREPLUS MC HMO,Commercial
CARESOURCE OF GEORGIA MEDICAID [45012101],Medicaid
CCMSI [70007701],Commercial
CELTIC INSURANCE COMPANY [10035601],Commercial
CENPATICO SUNSHINE HEALTH MCD,
CENTIVO NON-SELECT [10027202],Commercial
CENTIVO SELECT [10027201],Commercial
CENTRAL STATES INDEMNITY [10037401],Commercial
CHAMPVA [50000101],Commercial
CHAMPVA/Tricare,Other Government
CHILDREN MEDICAL SERVICES MCD,
CHIP/Medicaid,
CIGNA,Commercial
CIGNA BEHAVIORAL HEALTH [10028801],Commercial
CIGNA CONNECT NETWORK EXCHANGE,Commercial
CIGNA CONNECT [10000937],Commercial
CIGNA EAP (BBH ONLY) [10700101],Commercial
CIGNA GREAT WEST [10000902],Commercial
CIGNA HEALTH PARTNERS [10000934],Commercial
CIGNA HEALTH PARTNERS [10028802],Commercial
CIGNA HMO,Commercial
CIGNA HMO [10000922],Commercial
CIGNA HMO/PPO [21020101],Commercial
CIGNA MEDICARE ADVANTAGE,
CIGNA MEDICARE SUPPLEMENT [100000928],
CIGNA NATIONAL ASSOC OF LETTER CARRIERS [10000904],Commercial
CIGNA NEW BUSINESS [10000923],Commercial
CIGNA POS [10000925],Commercial
CIGNA PPO,Commercial
CIGNA PPO [10000901],Commercial
CIGNA/APWU [10000928],Commercial
CLAY COUNTY SHERIFF'S OFFICE [50002501],Commercial
CLEAR HEALTH ALLIANCE MCD,
CLEAR HEALTH ALLIANCE [45012201],Commercial
CLEAR HEALTH [25030901],Commercial
CLEMENTS FAMILY ENDOWMENT [50001905],Commercial
CMS SUNSHINE HEALTH MEDICAID [45011103],
COLONIAL PENNLIFE [10029501],Commercial
COMMUNITY CARE PLAN [45014101],Commercial
COMMUNITY HOSPICE OF NORTHEAST FLORIDA [50001201],Commercial
COMPSYCH [10028501],Commercial
COMPUTER SHARE [10030002],Unknown
CONSTITUTION LIFE [10035401],Commercial
COUNTRY LIFE INSURANCE [10037501],Commercial
COVENTRY HEALTHCARE OF GA [10001003],Commercial
CROSS BLUE CROSS MBN,Commercial
CROSS BLUE CROSS NWB,Commercial
CROSS BLUE CROSS PHS,Commercial
CROSS BLUE CROSS PPO,Commercial
CROSS BLUE CROSS SBN,Commercial
CROSS MEDICARE ADVANTAGE (100% POM),
CURATIVE [10038801],Commercial
ChampVA NODE ChampVA,Other Government
Choice-Select HMO/Options PPO/Cruise Lines,
Cigna ALL,
Commercial,
Commercial - Inpatient,
Commercial - Outpatient,
Commercial Exchange,
Commercial HMO,
Commercial HMO/PPO/POS,
Commercial NWB,
Commercial Other,
Commercial Other - Outpatient,
Commercial PPO,
Commercial PPO - Inpatient,
Commercial PPO Choice,
Commercial PPO International,
Commercial PPO Select Network,
Commercial Prime Network Products - Outpatient,
Commercial/Medicare,
Community Care Medicaid HMO,
Complementary,
Complete Care MCR,
CorVel Work Comp FL,
Corporation WORKERSCOMP,
Corvel Work Comp FL,
County Sheriffs LocalGovernment,
Cross Commercial HMO Health Options,
Cross Commercial HMO Health Options - Outpatient,
Cross Commercial HMO My Blue,
Cross Commercial HMO My Blue - Outpatient,
Cross Commercial HMO Simply Blue,
Cross Commercial HMO Simply Blue - Outpatient,
Cross Commercial PPO Blue Select,
Cross Commercial PPO Blue Select - Outpatient,
Cross Commercial PPO Network Blue,
Cross Commercial PPO Network Blue - Outpatient,
Cross Commercial PPO PPC PHS,
Cross Commercial PPO PPC PHS - Outpatient,
Cross Medicare HMO,
DANIEL MEMORIAL [50002801],
DAVIES NORTH AMERICA [70005801],
DEVOTED HEALTH MC HMO,
DEVOTED HEALTH MEDICARE [45013201],
DIMENSION 2,
DIMENSION HEALTH PLANS,
DIMENSION PLUS,
DIRECT GENERAL AUTO [75001301],
DISCOVERY AUTO [75000801],
DOCTORS HEALTHCARE MC HMO,
DRUG ASSISTANCE PROGRAMS [11000101],
Definitive Care MGMCR,
EBMS [10034701],
EMBLEM HEALTH [10031301],
EPO/PPO,
ESIS [70007901],
ESTHI STUDY [50002401],
ESURANCE AUTO [75000901],
EVOLUTIONS HEALTHCARE SYSTEMS [10026601],
Employee Coverage,
Eval Services Veterans Eval Services,
Exchange,
FARM BUREAU HEALTH PLANS [10033201],
FB PATIENT ENDOWMENT [50001906],
FEDERAL LIFE [10036201],
FHK,
FIDELIS CARE [45014201],
FIRST HEALTH AUTO [75001201],
FIRST HEALTH [10026101],
FLORIDA COMMUNITY CARE [45012401],
FLORIDA COMPLETE CARE MEDICARE [45013901],
FLORIDA HEALTH PLAN [10026801],
FRANTZ PEDIATRIC BEHAVIORAL HEALTH ENDOWMENT [50001903],
FREEDOM FIRST MEDICAID HMO [25030501],
FREEDOM HLTH MEDICARE REPLACEMENT [25050501],
FREEDOM LIFE INSURANCE [10032001],
FRINGE BENEFITS GROUP [10029601],
FSCJ STUDENT [50001301],
First Commercial - Outpatient,
First Health Aetna First Health,
First Medicare Advantage - Outpatient,
First Medicare HMO,
Freedom Optimum MCR ADV NODE Freedom Optimum MCR ADV,
GCU MEDICARE SUPPLEMENT [10038701],
GEHA  [10003904],
GEHA ASA [10003902],
GEHA/UNITED HEALTH SHARED SERVICES [10003903],
GEICO AUTO INSURANCE [75000201],
GEORGIA BETTER HEALTH PLAN [30000202],
GERBER LIFE INSURANCE [10032101],
GLOBAL CARE [10025701],
GLOBAL EXCEL CONTRACTED [25024101],
GMP EMPLOYERS RETIREE TRUST [10034101],
GOLD KIDNEY HEALTH PLAN [45014301],
GPM HEALTH AND LIFE INSURANCE [10037001],
GRAVIE [10000123],
GREAT SOUTHERN MEDICARE SUPPLEMENT [10034801],
GREENE BEHAVIORAL HEALTH ENDOWMENT [50001901],
GROUP AND PENSION ADMINISTRATORS (GPA) [10031501],
GUARANTEE TRUST LIFE [10037801],
GVT,
Gatekeeper,
GlobalBenefitPlan,
Group Health Plan UMR CHS Group Health Plan UMR,
Group Health and All Other,
HALL-HALLIBURTON COLLABORATIVE CARE ENDOWMENT [50001909],
HAVEN HOSPICE [50001401],
HC HMO/PPO/POS/EPO,
HC Medicaid HMO - Outpatient,
HC Medicare Advantage - Outpatient,
HC PPO,
HEALTH AMBETTER MARKETPLACE Sunshine State Health Plan Commercial Exchange,
HEALTH COMP [10036301],
HEALTH MEDICAID FL SUNSHINE HEALTH MEDICAID FL,
HEALTH NET [10000938],
HEALTH PLAN CAPITAL HEALTH PLAN MEDICARE (228% POM),
HEALTH PLAN MEDICARE ADVANTAGE (100% POM with U/L),
HEALTHGRAM [10031601],
HEALTHSCOPE BENEFITS (SUDDATH ONLY) [10029801],
HEALTHSCOPE/AETNA [10000111],
HIX,
HIXOON,
"HMA,LLC [10035701]",
HMO,
HMO Employee Plan,
HMO Freedom-Classic/National EPO-PPO-POS/SmartNet,
HMO IP,
HMO OP,
HMO/Open Access,
HMO/PPO,
HMO/PPO/Exchange,
HMOFI,
HOP ADMINISTRATION [10033001],
HORIZONS MEDICARE ADVANTAGE (100% POM),
HUMANA DUAL MEDICAID [45011302],
HUMANA HEALTHY HORIZONS [45011301],
HUMANA HMO,
HUMANA HMO/POS [10005201],
HUMANA MCD,
HUMANA MEDICAID HMO [25031801],
HUMANA MEDICARE,
HUMANA MEDICARE DUAL [45012803],
HUMANA MEDICARE HMO [45012802],
HUMANA MEDICARE PPO [45012801],
HUMANA MEDICARE SUPPLEMENT [10005205],
HUMANA OPEN ACCESS EPO [10005204],
HUMANA PPO,
HUMANA PPO [10005202],
HUMANA PPO [25021501],
HUMANA_HMO,
Health Alliance Medicaid HMO,
Health Care Plan MCR,
Health Commercial PPO,
Health IP,
Health Integral Health Medicaid FL,
Health Medicaid HMO,
Health Medicare HMO,
Health OP,
Health Options,
Health PPO,
Health Partners Community Health Partners,
Health Plan MCR,
Health Plan Medicare HMO - Outpatient,
Health Prestige Medicaid FL,
Health Sheriff COMM,
Health Sheriff WORKERSCOMP,
Health WC,
Health Work Comp FL Prime Health Work Comp FL,
Health and Wellness HMO,
HealthCare Medicaid HMO,
HealthOptions,
Healthcare Medicare HMO - Outpatient,
Healthcare NODE Simply MCR ADV,
Healthcare Plan Simply Healthcare Plan,
Healthcare Plan Simply Medicaid FL,
Healthspring MCR,
Healthy Kids,
Healthy Kids Medicaid,
Humana ALL,
Humana Medicaid FL,
IAC LIFE [10036601],
IMAGINE360 (GPA) [10029701],
INDEPENDENT HEALTH [10035801],
INTEGRATED BEHAVIORAL HEALTH [10028601],
INTERNATIONAL AETNA,
INTERNATIONAL TRAVELERS INSURANCE [11000001],
INTL UNITED HEALTH,
IP,
Indemnity,
Individual Exchange,
International,
JACKSONVILLE JAGUARS [50002301],
JACKSONVILLE SHERIFF'S OFFICE [50002601],
JHS Select/Select HMO,
Jackson First,
KAISER PERMANENTE [10029901],
KEMPER HEALTH [10036701],
KEY BENEFIT ADMIN [25025501],
LEON HEALTH MC HMO,
LEON MED MC HMO NC,
LHS/MEDCOST [10034901],
LIBERTY MUTUAL [75001401],
LIMITED BENEFIT GROUP SUPPLEMENTAL [10035901],
LINE CONSTRUCTION BENEFIT [10038101],
LONGEVITY HEALTH PLAN [45014001],
LUCENT 65085 AETNA [10038406],
LUCENT HEALTH [10030001],
LUCENT- 65085 PHCS [10038402],
LUCENT-00590T [10038404],
LUCENT-62308 [10038401],
LUCENT-68011 [10038403],
LUCENT-88056 [10038405],
LUMICO LIFE INSURANCE [10039001],
LUMINARE HEALTH [10038901],
Lifesource-Transplant,
Lifetrac-Transplant,
LocalPlus/Surefit,
MAGELLAN COMPLETE MEDICAID [45011401],
MAGNACARE [10031701],
MANAGED MEDICAID,
MANHATTAN LIFE INSURANCE [10036001],
MARPAI HEALTH [10037101],
MBA TPA [10030101],
MBN,
MCR,
MCR ADV NODE Aetna MCR ADV,
MCR ADV NODE Humana MCR ADV,
MCRHMO,
MCRPPO,
MCS CLASSICARE [45014701],
MDCPS Employee,
MED MUTUAL PROTECT [10038001],
MEDI-SHARE [10030301],
MEDICA MCR HMO,
MEDICA UHC [10030202],
MEDICA [10030201],
MEDICAID FLORIDA,
MEDICAID OF FLORIDA ALTERNATE PLAN [30000401],
MEDICAID OF FLORIDA SHARE OF COST [30000102],
MEDICAID OF FLORIDA [30000101],
MEDICAID OF GEORGIA [30000201],
MEDICAID OUT OF STATE [30999901],
MEDICAL MUTUAL OF OHIO [10011401],
MEDICARE,
MEDICARE ADVANTAGE (100% POM with U/L),
MEDICARE ADVANTAGE (100% POM),
MEDICARE NO CONTRACT,
MEDICARE PART A AND B [40000101],
MEDICARE PART A SECONDARY ALTERNATE [88802],
MEDICARE PART A [40000102],
MEDICARE PART B ALTERNATE [88801],
MEDICARE PART B [40000103],
MEDICARE RAILROAD PART A AND B [40000104],
MEDICARE RAILROAD PART A [40000105],
MEDICARE RAILROAD PART B [40000106],
MEDICARE REPLACEMENT [25051601],
MEDICARE REPLACEMENT [25052501],
MEDIPLUS [10026501],
MERITAIN [10006301],
MGMCR,
MGMCRHMO,
MGMCRPPO,
MISC. GOVERNMENT,
MISCELLANEOUS AUTO/TPL [75999901],
MISCELLANEOUS BEHAVIORAL HEALTH [10031401],
MISCELLANEOUS COMMERCIAL [10999901],
MISCELLANEOUS CORRECTIONAL FACILITY [50999801],
MISCELLANEOUS HOSPICE [51000001],
MISCELLANEOUS MEDICAID REPLACEMENT [35999901],
MISCELLANEOUS MEDICARE REPLACEMENT [45999901],
MISCELLANEOUS OTHER [50999901],
MISCELLANEOUS SNF [51000101],
MISCELLANEOUS WORKERS' COMP [70999901],
MMP/Medicare,
MODA MEDICARE SUPPLEMENT [10037601],
MOLINA HEALTH MD,
MOLINA HEALTHCARE OF FLORIDA [45011801],
MOLINA MARKETPLACE HMO [10027101],
MOLINA MEDICAID HMO [25030701],
MULTIPLAN,
MULTIPLAN PRO AMER NTWRK [25022301],
MULTIPLAN [10025801],
MUTUAL OF OMAHA [10030401],
MY BLUE EX,
MY HEALTH PLAN  [100000932],
Magellan Medicaid FL,
Managed Medicaid,
ManagedCareHMO,
Marketplace,
Medicaid,
Medicaid FL Medicaid,
Medicaid FL Ped-I-Care Medicaid FL,
Medicaid HMO,
Medicaid Non Par FL Medicaid Non Par,
Medicaid Non Par FL Medicaid Non-Par,
Medical Rental,
Medical Services Medicaid Childrens Medical Services Medicaid,
Medical Services Medicaid FL Childrens Medical Services Medicaid FL,
Medical Services S FL Community Care Network Medicaid FL,
Medicare,
Medicare Advantage,
Medicare Advantage - Outpatient,
Medicare Advantage OON (MMG) - Outpatient,
Medicare Advantage/Commercial Exchange,
Medicare Complete,
Medicare HMO,
Medicare HMO - Outpatient,
Medicare Non Par NODE Medicare Non Par,
Medicare PPO,
Medicare Traditional NODE Medicare Traditional,
Medicare-Medicaid Dual Eligibility,
Modified Indemnity,
MultiPlan,
Multiplan,
My Blue OP,
MyBlue/SimplyBlue/BlueCare,
NASSAU COUNTY HEALTH DEPARTMENT [50002101],
NASSAU COUNTY SHERIFF'S OFFICE [50001601],
NASSAU LIFE AND ANNUITY [10034601],
NATIONWIDE AUTO [75000701],
NBN,
NEIBP [10033601],
NEMOURS RESEARCH [50002901],
NETWORK BLUE,
NEW ERA LIFE INSURANCE [10035001],
NFL DEDICATED HOSPITAL NETWORK PROGRAM [10000927],
NHP HMO,
NINETY DEGREE BENEFITS [10000935],
NODE Aetna MCR ADV,
NODE BCBS FL MCR ADV,
NODE Humana MCR ADV,
NODE UHC MCR ADV,
NORTHEAST FLORIDA STATE HOSPITAL [50001801],
NORTHWELL DIRECT [10031702],
NWB,
Network Blue,
NetworkBlue,
Non-Gatekeeper,
Non-Options PPO,
OCCUNET STUDENT ATHLETES [50001501],
OFFICE OF THE ATTORNEY GENERAL [50002201],
OP,
OPTIMED HEALTH [10038201],
OPTUM/UBH EAP (BBH ONLY) [10700102],
OSCAR HEALTH EXCHANGE,
OSCAR INSURANCE COMPANY [10027301],
OccuNet,
OccuNet Work Comp FL,
Occunet,
Occunet Work Comp FL,
Optimum NODE Freedom Optimum MCR ADV,
Options PPO,
OptionsPPO,
Optum Transplant,
PAN AMERICAN LIFE [10036801],
PARAMOUNT ADVANTAGE [10032201],
PEACH STATE HEALTH PLAN [45012001],
PEAK TPA [50003001],
PEHP HEALTH AND BENEFITS [10039101],
PFFS MEDICARE REPLACEMENT [25050801],
PHCS,
PHILADELPHIA AMERICAN LIFE INSURANCE [10031801],
PHS,
PHYSICIANS MUTUAL [10033501],
PIP AUTO [75001501],
PPC,
PPC PPO,
PPO,
PPO IP,
PPO OP,
PPO Products,
PPO/PHS,
PRESTIGE HEALTH CHOICE [45012301],
PRESTIGE MD HMO NC,
PRINCIPAL LIFE [10035101],
PRIORITY HEALTH [10000929],
PRIVATE HEALTHCARE SYSTEMS [10027401],
PRO MEDICA HOSPICE [50003201],
PROGRESSIVE AUTO [75000401],
PROMEDICA HOSPICE [50003201],
PROMINENCE,
PROSPERITY LIFE [10037201],
Pathwell,
Pay Self Pay,
Personal Injury,
Plus Medicare HMO,
Primary,
Prime,
Private,
QHP,
REGIONAL CARE INC [10037301],
RESEARCH MEDICARE PART A AND B [40000301],
Rockport Work Comp FL,
S&S HEALTH [10036101],
SAMBA [10000931],
SBN,
SBN/MBN,
SEAFARERS HEALTH AND BENEFITS [1003520101],
SEAFARERS HEALTH AND BENEFITS [10035201],
SELECTHEALTH [45014501],
SELF-FUNDED HEALTH PLAN,
SELMAN AND COMPANY [10032301],
SILAC [10036501],
SIMPLY HEALTHCARE HEALTHY KIDS [10026201],
SIMPLY HEALTHCARE MEDICAID [45011701],
SIMPLY HEALTHCARE PLAN MCD,
SIMPLY MEDICAID [25030902],
SIMPLYHLTH MD HMO NC,
SISCO [10000933],
SOLIS HEALTH PLANS [45014601],
ST JOHNS COUNTY SHERIFF'S OFFICE [50002701],
STATE FARM AUTO [75000301],
STATE FARM HEALTH INSURANCE [10038301],
SUNSHIN HLTH AMBT NC,
SUNSHINE MEDICAID HMO [25031101],
SUNSHINE ST MD HMONC,
SUNSHINE STATE HEALTH PLAN [45011101],
SUREST [10006027],
Select,
Select HMO/Options PPO/Cruise Lines,
Select Network,
Senior Care MGMCR,
Signature,
Spring Health MCR,
State Auto Insurance State Auto Insurance FL,
State Health Plan Medicaid FL Sunshine State Health Plan Medicaid FL,
State Health Plan QHP,
State MCR,
Sunshine State Health Plan Commercial Exchange NODE Sunshine State Health Plan Commercial Exchange,
TEAMSTERS CENTRAL PA HEALTH AND WELFARE [10038601],
THE EMPIRE PLAN [10029101],
THE EPIC LIFE INSURANCE COMPANY [10034003],
THE HEALTH PLAN [10030501],
THE LOOMIS COMPANY RBB [10032802],
THE LOOMIS COMPANY [10032801],
THRIVENT [10032601],
TRANSAMERICA LIFE INSURANCE COMPANY [10030601],
TRANSPLANT,
TRICARE,
TRICARE ANCILLARY ONLY [60000107],
TRICARE FOR LIFE [60000103],
TRICARE PRIME HMO [60000108],
TRICARE RESERVE SELECT [60000105],
TRICARE SELECT [60000104],
TRUSTMARK HEALTH BENEFITS [10032701],
TUFTS HEALTH PLAN [10032401],
Therapies Transplant,
TieredNetwork,
Traditional,
Traditional OP,
Transplant,
Transplant - Outpatient,
Tricare,
Tricare NODE Tricare,
UF HEALTH DIRECT CARE HMO [10026701],
UF HEALTH PROTON THERAPY INSTITUTE [50001701],
UHC ALL SAVERS [10006008],
UHC APA,
UHC BEHAVIORAL HEALTH MEDICAID [45013801],
UHC BEHAVIORAL HEALTH MEDICARE [45013602],
UHC BEHAVIORAL HEALTH [10028901],
UHC CHOICE PLUS-CORE [10006039],
UHC COMPASS [10006031],
UHC COVER FLORIDA [10006032],
UHC DUAL COMPLETE MEDICAID [45011203],
UHC DUAL COMPLETE MEDICARE HMO [45002101],
UHC DUAL COMPLETE MEDICARE PPO [45002106],
UHC EMPIRE [10028401],
UHC GOLDEN RULE [10006007],
UHC HEALTH OPTIONS PPO [10006028],
UHC MEDICAID [45011201],
UHC MEDICARE HMO [45002115],
UHC MEDICARE PPO [45002114],
UHC MEDICARE REPLACEMENT [25051501],
UHC Medicaid FL,
UHC NHP,
UHC OA CHOICE [10006026],
UHC OXFORD HEALTH PLAN [10006034],
UHC SELECT HMO [10006029],
UHC SELECT PLUS [10006030],
UHC STUDENT RESOURCES [10006035],
UHC UMR PPO [10006036],
UHC UMR [10006033],
UHC WELLMED MEDICARE [45002116],
UHP ADMINISTRATORS [10035301],
UMR BAPTIST EMPLOYEES [10006038],
UMR COMPASS ROSE [10006037],
UNICARE [10030701],
UNIFIED LIFE INSURANCE COMPANY [10033701],
UNITED AMERICAN INSURANCE [10030801],
UNITED HEALTH CARE MCD,
UNITED HEALTH CARE MEDICARE,
UNITED HEALTHCARE,
UNITED HEALTHCARE ALL PAYER,
UNITED HEALTHCARE EXCHANGE [10006040],
UNITED HEALTHY KIDS,
UNITED HLTH MC HMO,
UNITED HMO,
UNITED HMO/PPO [21040201],
UNITED MD HMO,
UNITED MINE WORKERS [10033901],
UNITED MINE WORKERS [45003301],
UNITED PPO,
UNITED WORLD LIFE INSURANCE COMPANY [10033801],
UPMC MEDICARE HMO [45013101],
UPMC MEDICARE PPO [45013102],
US Dept of Labor NODE US Dept of Labor,
US HEALTH GROUP [10030901],
USAA AUTO [75000601],
USAA LIFE [10031001],
United Optum VA CCN NODE United Optum VA CCN,
VA CCN ALTERNATE PLAN [10029001],
VA COMMUNITY CARE NETWORK [10006814],
VA NODE VA,
VACCN,
VETERANS ADMINISTRATION(BILLING ONLY) [10006815],
VITAS HEALTHCARE OF FLORIDA [50003101],
VIVIDA HEALTH MEDICAID [35000701],
VOLUSIA HEALTH NETWORK [10026301],
WARD AND GLOCK ENDOWMENT [50001907],
WC AIG [70006902],
WC ALL ELITE WRESTLING [70007501],
WC AMERISYS [70007001],
WC BAPTIST OCCUPATIONAL HEALTH [70006101],
WC BERKLEY SPECIALTY- JAGUARS [70006001],
WC BLUE CROSS [70006301],
WC CITY OF JACKSONVILLE [70006501],
WC CORVEL [70006701],
WC COVENTRY HEALTH CARE [70006801],
WC GALLAGHER & BASSET [70007101],
WC JACKSONVILLE JUMBO SHRIMP [70005401],
WC JACKSONVILLE SHARKS [70007401],
WC MULTIPLAN [70006601],
WC NE FL ST HOSP/FL DPT INSUR [70006201],
WC OCCUPATIONAL HLTH PHYS THER [70005601],
WC PRIME COMP [70006401],
WC SEDGWICK/PATIENT ACCOUNTING [70005501],
WC THE HARTFORD [70007601],
WC US DEPARTMENT OF LABOR [70002301],
WCH M&R HILL ENDOWMENT [50001904],
WE CARE [50002001],
WEAVER LEGACY ENDOWMENT [50001902],
WEB TPA [10031101],
WELLCARE DUAL MEDICARE [45012902],
WELLCARE MEDICARE ADVANTAGE PLAN,
WELLCARE MEDICARE HMO [45012901],
WESTERN & SOUTHERN LIFE [10038501],
WPS HEALTH INSURANCE [10034001],
WPS HEALTH PLAN [10034002],
Wellcare MCR ADV NODE Wellcare MCR ADV,
Wellcare Medicaid FL,
Work Comp FL Work Comp,
Workers Comp,
Workers Compensation FL Work Comp,
_ better_health_healthy_kids,
_ better_health_medicaid,
_ epo,
_better_health healthy_kids,
_better_health mcd,
_careplus hmo_medicare,
_careplus medicare,
_epo,
_health medicare,
_health medicare_hmo_ppo,
_health_plans _medicare,
_health_plans _medicare_hmo,
_healthcare _hmo_ppo_medicare,
_healthcare _medicare,
_healthcare behavioral,
_healthcare highlands_county,
_healthcare hmo_ppo,
_healthcare surefit_epo,
_healthcare volusia_county,
_healthcare volusia_county_hmo,
_medicare_adv__ppo,
_medicare_adv_hmo,
_medicare_adv_hmo_,
_medicare_adv_hmo_ppo,
_medicare_adv_ppo,
_surefit surefit_epo,
_whole_health hmo_ppo,
accelerated,
accelerated_ppo,
administration mill bill veterans administration mill bill,
administration vaccn veterans administration vaccn,
aetna,
aetna - city of titusville,
aetna all,
aetna asa,
aetna better health,
aetna commercial,
aetna coventry first health facility rental,
aetna first health,
aetna gatekeeper/non gatekeeper,
aetna intl passport,
aetna mcr adv node aetna mcr adv,
aetna medicare,
aetna work comp fl,
aetnagatekeeper,
aetnahix,
aetnamgdmcaid,
aetnamgdmcare,
aetnanongatekeeper,
affiliates freedomhealthmgdmcare,
affiliates healthsunhealthplansmgdmcare,
affiliates simplyhealthcaremgdmcaid,
affiliates simplyhealthcaremgdmcare,
all cigna all,
all humana all,
all plans,
alliance organ recovery comm,
allpayerappendix,
ambetter,
ambetter_exchange,
ambetterhix,
ambetterhixvalueandselect,
america mcr,
amerigroup,
amerigroup kids medicaid fl,
amerigroup medicaid fl,
amerihealthcaritasmgdmcaid,
amerihealthcaritasmgdmcare,
amerihealthexchange,
and uk medical abroad llc ppo usandukmedicalabroadllcppo,
apa uhc apa,
asa,
asa_ppo,
asoeo,
assistance assuredassistanceppo,
auto insurance fl state auto insurance fl,
avmedcommercial,
avmedemployeroptionaso,
avmedentrusthix,
avmedmgdmcare,
bcbs fl bsl,
bcbs fl hmo,
bcbs fl mbn,
bcbs fl mcr adv node bcbs fl mcr adv,
bcbs fl nwb,
bcbs fl phs,
bcbs fl ppo,
bcbs fl sbn,
beach juvenile correction gvt,
beach pace mcr,
behavioral,
behavioral comm,
behavioral health cenpatico behavioral health,
behavioral health cigna behavioral health,
behavioral health comm,
behavioral health concordia behavioral health,
behavioral health dba carisk partners concordia behavioral health dba carisk partners,
behavioral health healthkidshmo,
behavioral health humana behavioral health,
behavioral health humana behavioral health medicare,
behavioral health magellan behavioral health,
behavioral health mcd,
behavioral health mcr,
behavioral health mgmcd,
behavioral health mgmcr,
behavioral health psych united behavioral health psych,
behavioral health vaccn,
behavioral health vacnn,
behavioral healthykidshmo,
behavioral mgmcd,
behavioral mgmcr,
behavioral_health,
behavioral_health_misc,
behavioral_hmo_pmhp,
behavioral_medicaid,
behavioral_medicare,
behavioral_ppo,
behavioralhealth healthykidshmo,
behavioralhealth mcd,
better_health_healthy_kids,
better_health_medicaid,
bh comm,
bh mcd,
bh mcr,
bh mgmcd,
bhcomm,
big bend fed,
blue_select,
broad network avmed broad network,
broward hospital district southbrowardhospitaldistrictppo,
bselnonpar,
bsl,
bslnon-par,
by sunshine hix ambetter by sunshine hix,
call onecallnonstandard,
call onecallstandard,
call onecallwc,
care charity care,
care concordiabehavioralhealth,
care concordiabehavioralhealthmgdmcare,
care confidentcare,
care district comm,
care hospice of miami dade and the fl keys inc compassionate care hospice of miami dade and the fl keys inc,
care management inc penfieldcaremanagementinc,
care of south florida opus care of south florida,
care partners (fl) all plans,
care plan mcd,
care solutions correct care solutions,
care_plus_ppo_pffs_medicare_,
careplus,
careplus_hmo,
cares comm,
caresourcemgdmcare,
caritas hix,
caritas medicaid amerihealth caritas medicaid,
caritas medicare amerihealth caritas medicare,
caritas mgmcd,
caritas mgmcr,
caritas next exchange amerihealth caritas next exchange,
case agreement single case agreement,
centenehnwellcaremgdmcare,
century health cap new century health cap,
champva node champva,
childrens medical services ped-i-care medicaid fl,
choice network employerschoicenetworkwc,
choice provider network americaschoiceprovidernetworkwc,
choicecare,
christian ppo,
cigna,
cigna - brevard county commissioners,
cigna all,
cigna healthspring mcr adv node cigna healthspring mcr adv,
cigna hmo,
cigna ppo,
cigna ppo / hmo,
cignahealthplanhmo,
cignahealthplanppo,
cignahealthplansurefit,
clear_health_alliance,
clear_health_alliance_medicaid,
co sheriff dept prison,
comfort underwriters pointcomfortunderwriters,
comm,
commercial,
commercial aetna commercial,
commercial cigna commercial,
commercial healthfirst commercial,
commercial hmo,
commercial hmo humana commercial hmo,
commercial humana commercial,
commercial other,
commercial other - outpatient,
commercial ppo,
commercial ppo - inpatient,
commercial ppo choice,
commercial ppo humana commercial ppo,
commercial ppo international,
commercial ppo select network,
commercial prime network products,
commercial prime network products - outpatient,
commercial united commercial,
commppocomplementarynetwork,
commppoprimarynetwork,
community care floridacommunitycaremgdmcaid,
community care floridacommunitycaremgdmcare,
community care healthykids,
community care mcd,
community care medicaid hmo,
community fed,
community mcr,
compensation workers compensation,
compensation workmans compensation,
complementary,
complementarynetwork,
complementaryppo,
complete care magellan complete care,
complete care magellan medicaid fl,
complete care mcd,
complete care mcr,
complete care mgmcr,
consultants international employer direct maritimeconsultantsinternationalemployerdirect,
contra el cancer liga contra el cancer,
corners prison,
corporation workerscomp,
correctional risk services node correctional risk services,
corvel work comp fl,
corvelppo,
corvelwc,
county comm,
county jail prison,
county mh prison,
county monroe county commissioners,
county sb comm,
county schools wc,
county sheriffs office logov,
county_of_volusia,
coventry,
coventryakagenexwc,
cross and blue shield of florida bcbs fl bsl,
cross and blue shield of florida bcbs fl hmo,
cross and blue shield of florida bcbs fl mbn,
cross and blue shield of florida bcbs fl nwb,
cross and blue shield of florida bcbs fl phs,
cross and blue shield of florida bcbs fl ppo,
cross commercial hmo health options,
cross commercial hmo my blue,
cross commercial hmo simply blue,
cross commercial ppo blue select,
cross commercial ppo network blue,
cross commercial ppo ppc phs,
cross medicare hmo,
cruise line disney cruise line,
cruise operator classicacruiseoperator,
definitive care mcr,
definitive care mgmcr,
department of corrections fl doc,
devoted medicare nch devoted medicare med onc,
devoted medicare nch devoted medicare rad onc,
direct comm,
direct healthcare employer direct healthcare,
directions (lucet) comm,
directions (lucet) mcr,
directions behavioral comm,
directions behavioral health commercial new directions behavioral health commercial,
directions behavioral health exchange new directions behavioral health exchange,
directions behavioral health medicare new directions behavioral health medicare,
directions behavioral health new directions behavioral health,
directions behavioral mcr,
directions new directions behavioral,
directions newdirectionsbehavioralcomm,
directions newdirectionsbehavioralhix,
directions newdirectionsbehavioralmgdmcare,
discountppo,
dual_medicare,
edhc,
empower,
energy keys energy services,
engage,
epo,
epo_hmo,
eval services veterans eval services,
evaluation services mcr,
evalutations inc ima evalutations inc,
evernorthbehavioralhealth,
evolutions healthcare,
evolutions work comp fl,
exchange,
exchange aetna exchange,
exchange avmed exchange,
exchange oscar exchange,
exchange uhc exchange,
federal bc federal,
fhcp,
first health plan health first health plan medicare,
first health plan hfhp individual ppo/marketplace,
first health plans (fl) all plans,
first medicare hmo,
fl blue select bcbs fl blue select,
fl medicaid,
fl medicaid fl,
fl medicare bcbs fl medicare,
fl medicare bcbs fl network blue,
fl network blue bcbs fl network blue,
fl sbn bcbs fl sbn,
fl traditional bcbs fl traditional,
flex,
florida blue commercial hmo,
florida blue commercial network blue,
florida blue commercial phs,
florida blue commercial ppo,
florida community care healthykids,
florida community care mgmcd,
florida community care network s fl community care network medicaid fl,
florida community care southfloridacommunitycarehealthkids,
florida community care southfloridacommunitycarepsn,
florida fl medicaid,
florida fl medicaid non-par,
focus,
for health comm,
for health commhmo,
freedom health mcr adv node freedom health mcr adv,
fullyinsured,
fusion payerfusionholdingsppo,
galaxyhealthnetworkwc,
gatedcomm,
gatekeeper aetna gatekeeper,
general hospital westchester general hospital,
geo group thegeogroup,
globalbenefitplan,
globalbenefitplanappendix,
governmental preferredgovernmentalclaimsolution,
group all plans,
group covid19 hrsa uninsured,
group geo group,
group health plan umr chs group health plan umr,
group inc acngroupinc,
gvt,
haven mcr,
health administration veterans health administration,
health administrators floridahealthadministratorsppo,
health aetna,
health aetna better health,
health aetna intl passport,
health aetna medicare,
health aetna nab/first health,
health aetna work comp fl,
health aetna workers comp,
health all plans,
health alliance clear health alliance,
health alliance medicaid hmo,
health ambetter marketplace sunshine state health plan commercial exchange,
health associates mental health associates,
health behavioralhealth,
health bright health,
health care mcr,
health care plan comm,
health care plan fhcp,
health care plan fhcp medicare,
health care plan florida health care plan commercial,
health care plan florida health care plan medicare,
health care plan mcr,
health choice prestige health choice,
health choice prestige kids medicaid fl,
health choice prestige medicaid fl,
health comm,
health commercial ppo,
health contigohealthwcfkathreeriverswc,
health devoted health,
health devoted health medicare hmo,
health dimension,
health dimension international,
health dimension plus,
health dimensionhealthppo,
health dimensionhealthppoclassa,
health dimensionhealthppoclassb,
health dimensionhealthwcppoclassa,
health first health,
health group rockportwc,
health hix,
health imagine health,
health imaginehealth,
health inc corizon health inc,
health inc leon health inc,
health integral health medicaid fl,
health magellan medicaid fl,
health management commercial bright health management commercial,
health management medicare bright health management medicare,
health mcd,
health mcr,
health medicaid fl freedom health medicaid fl,
health medicaid fl sunshine health medicaid fl,
health medicaid hmo,
health medicare bright health medicare,
health medicare hmo,
health medicare hmo freedom health medicare hmo,
health medicare hmo longevity health medicare hmo,
health mgmcd,
health mgmcr,
health network comm,
health network first health,
health nfd comm,
health node ultimate health mcr adv,
health options beaconhealthoptionsbehavioralcommercial,
health options beaconhealthoptionsmgdmcaid,
health options beaconhealthoptionsmgdmcare,
health options beaconhealthstrategies,
health options beaconhealthstrategiesmgdmcaid,
health options beaconhealthstrategiesmgdmcare,
health options comm,
health options mcr,
health options mcr mcr,
health partners mcd,
health plan avmed,
health plan comm,
health plan devotedhealthmgdmcare,
health plan hix,
health plan hmo,
health plan integral health medicaid fl,
health plan longevity health plan,
health plan longevityhealthplan,
health plan mcd,
health plan mcr,
health plan mcrhmo,
health plan medicare hmo,
health plan medicare hmo - outpatient,
health plan solishealthplanmgdmcare,
health plan sunshine health plan medicaid,
health plan ultimate health plan,
health plans healthsun health plans,
health plans leon health plans,
health plans mcr,
health plans medicare solis health plans medicare,
health ppo,
health ppo dimension health ppo,
health ppo prime health ppo,
health prestige medicaid fl,
health services inc prime health,
health services inc prison health services,
health services prime health,
health services primehealthservicesmgdmcare,
health services primehealthserviceswc,
health sheriff comm,
health sheriff workerscomp,
health sherriff comm,
health solis health medicare hmo,
health solutions mcd,
health strategies comm,
health strategies commercial beacon health strategies commercial,
health strategies mcd,
health strategies mcr,
health strategies medicaid beacon health strategies medicaid,
health strategies medicare beacon health strategies medicare,
health wc,
health wc dimension health wc,
health work comp fl prime health work comp fl,
health workerscomp,
health yescare,
health_kids,
health_options,
healthcare alliance fed,
healthcare comm,
healthcare corporation/hospice ppo vitas healthcare corporation/hospice ppo,
healthcare corvel healthcare,
healthcare direct healthcare,
healthcare doctors healthcare medicare hmo,
healthcare doctorshealthcaremgdmcare,
healthcare evolutions encounter ppo,
healthcare evolutions managed care ppo,
healthcare evolutions traditional ppo,
healthcare group workerscomp,
healthcare hospice corporation of fl vitas healthcare hospice corporation of fl,
healthcare hospice vitas healthcare hospice,
healthcare managedcareppo,
healthcare mcr,
healthcare mcrhmo,
healthcare medicaid hmo,
healthcare medicaid hmo simply healthcare medicaid hmo,
healthcare medicaid simply medicaid fl,
healthcare medicare advantage doctors healthcare medicare advantage,
healthcare medicare hmo,
healthcare medicare hmo - outpatient,
healthcare medicare simply healthcare medicare,
healthcare mgmcd,
healthcare mgmcr,
healthcare network starhealthcarenetwork,
healthcare node simply health mcr adv,
healthcare node simply mcr adv,
healthcare of fl vitas,
healthcare of florida positive healthcare of florida,
healthcare of marion county dba kindred hospice odyssey healthcare of marion county dba kindred hospice,
healthcare pffs,
healthcare plan mcr,
healthcare plan simply healthcare medicare,
healthcare plan simply medicaid,
healthcare plans florida healthcare plans bnn,
healthcare plans mgmcd,
healthcare plans mgmcr,
healthcare plus medicare florida healthcare plus medicare,
healthcare positive healthcare medicaid,
healthcare positive healthcare medicaid fl,
healthcare ppo,
healthcare simply medicaid fl,
healthcare solutions national healthcare solutions,
healthcare systems evolutions encounter ppo,
healthcare systems evolutions managed care ppo,
healthcare systems evolutions traditional ppo,
healthcare traditionalppo,
healthease healthease medicaid fl,
healthfirst mcrhmo,
healthfirst prominencehealthfirstmgdmcare,
healthsmartmgdwc,
healthspring cigna healthspring,
healthspring mcr,
healthspring mgmcr,
healthsprings cigna healthsprings,
healthsun medicare rad onc,
healthy horizons medicaid humana healthy horizons medicaid,
healthy_kids,
healthy_kids_medicaid,
healthykids,
"heath services, inc. prime heath services inc",
hix,
hix network avmed hix network,
hixoon,
hmo,
hmo apr drg medicaid hmo apr drg,
hmo apr eapg medicaid hmo apr eapg,
hmo medicare hmo,
hmo/ppo,
hmo/ppo cigna hmo/ppo,
hmo_epo,
hmo_medicaid,
hmo_medicare,
hmo_medicare_,
hmo_pffs_medicare_,
hmo_ppo,
hmo_ppo_medicare,
hmo_ppo_medicare_,
hmo_ppo_pffs_medicare,
hmo_ppo_pffs_medicare_,
hmo_triple_option,
hmofi,
home health care dba opuscare of south florida comprehensive home health care dba opuscare of south florida,
hospice and pallative care of southern florida inc seasons hospice and pallative care of southern florida inc,
hospice and palliative care of southern florida inc seasons hospice and palliative care of southern florida inc,
hospice catholic hospice,
hospice comm,
hospice fed,
hospice federal,
hospice mcrmcd,
hospice seasons hospice,
hospice unit agreement vitas hospice unit agreement,
hospice- miami dade llc bristol hospice- miami dade llc,
hpi employee health plan pmc hpi employee health plans,
hrsa uninsured covid19 hrsa uninsured,
humana,
humana all,
humana choice care,
humana choice care ppo,
humana commercial,
humana humx,
humana mcr adv node humana mcr adv,
humana mcr hmo pos node humana mcr hmo pos,
humana mcr ppo pffs node humana mcr ppo pffs,
humana medicaid fl,
humana medicare,
humanabehavioralhealthcommercialhix,
humanacareplusmgdmcare,
humanahmo,
humanahmomgdmcare,
humanamgdmcaid,
humanamti,
humanamtimgdmcare,
humanappo,
humanappomgdmcare,
imaging streamlineimagingwc,
inc multiplan complementary,
inc naphcare inc,
indemnity,
individual family hix cigna individual family hix,
inn and club evolutions gasparilla inn club,
insurance auto insurance,
insurance co clovermgdmcare,
insurance of florida sdpbc athletic schoolinsuranceoffloridasdpbcathletic,
insurances miscellaneous insurances,
international,
international dimension international,
international dimensions international,
international ingleinternationalincdbaintrepid247,
international ppo aetna international ppo,
international_ppo,
jacksonfirstnetworkoon,
jhsselect,
jhsselecthmo,
kidney mcr,
kidney mgmcr,
kidney of florida medicare,
lifesource,
living systems medicare independent living systems medicare,
llc equianllc,
logov,
ma federal corrections gvt,
magellan medicaid fl,
magellanbehavioral,
magellanbehavioralmgdmcaid,
mailhandlers,
managed care work comp fl usa managed care work comp fl,
managed medicaid molina managed medicaid,
managed networks choicemanagednetworkswcppo,
managedcarehmo,
management barnettmanagementmvpwc,
management network care management network,
management network cmninc,
management systems nch careplus medicare,
management systems nch careplus medicare rad onc,
management systems nch coventry medicare,
management systems nch coventry medicare rad onc,
management systems nch humana medicare,
management systems nch humana medicare rad onc,
management systems nch simply medicare,
management systems nch simply medicare rad onc,
manor care services of fl hcr manor care services of fl,
manor care services of fl ii dba heartland hospice services hcr manor care services of fl ii dba heartland hospice services,
marketplace program exchange molina marketplace program exchange,
mbn,
mcd,
mcr,
mcrhmo,
mcrppo,
mdcselect,
mdcselectoon,
medicaid,
medicaid - $0 allowable,
medicaid amerigroup medicaid fl,
medicaid fl medicaid,
medicaid fl ped-i-care medicaid fl,
medicaid hmo,
medicaid hmo aetna better health medicaid hmo,
medicaid hmo non-contracted medicaid hmo,
medicaid hmo united healthcare medicaid hmo,
medicaid humana medicaid,
medicaid humana medicaid fl,
medicaid non par fl medicaid non-par,
medicaid non-par fl medicaid non-par,
medicaid prestige medicaid fl,
medicaid sunshine medicaid,
medicaid united medicaid,
medicaid wellcare medicaid,
medicaid/cha simply medicaid/cha,
medicaid_behavioral_health,Commercial
medicaid_hmo,Commercial
medical center leon medical center,Commercial
medical management choicemedicalmanagementwc,Commercial
medical management partners texas medical management partners,Commercial
medical orchidmedicalwcsunrisemedicalgroupmidtownimaging,Commercial
medical service mcd,
medicare,Medicare
medicare advantage careplus medicare advantage,Medicare
medicare advantage freedom medicare advantage,Medicare
medicare advantage program molina medicare advantage program,Medicare
medicare aetna medicare,Medicare
medicare avmed medicare,Medicare
medicare careplus humana medicare careplus,Medicare
medicare choice mcrhmo,Medicare
medicare fhcp medicare,Medicare
medicare healthfirst medicare,Medicare
medicare hmo,Medicare
medicare hmo - outpatient,Medicare
medicare hmo humana medicare hmo,Medicare
medicare hmo non-contracted medicare hmo,Medicare
medicare hmo wellcare/staywell medicare hmo,Medicare
medicare humana medicare,Medicare
medicare longevity medicare,Medicare
medicare network avmed medicare network,Medicare
medicare non par node medicare non par,Medicare
medicare ppo,Medicare
medicare ppo humana medicare ppo,Medicare
medicare simply medicare,Medicare
medicare sunshine medicare,Medicare
medicare traditional node medicare traditional,Medicare
medicare united medicare,Medicare
medicare wellcare medicare,Medicare
medicare/advantra aetna medicare/advantra,Medicare
medicare_,Medicare
medicare_behavioral_health,Medicare
medicare_hmo,Medicare
medicare_hmo_,Medicare
medicare_transplant,Medicare
medriskmtiwc,
metracompwc,
mgmcd,
mgmcr,Medicare
mgmcrhmo,Medicare
mgmcrppo,Medicare
mgmcrtier1,Medicare
mgmcrtier2,Medicare
mgmcrtier3,Medicare
molina healthcare fl kidcare,
molina healthcare of fl medicaid,Medicaid
molina medicaid fl,Medicaid
multiplan,Unknown
multiplan complementary,Unknown
multiplan complementary network,Unknown
multiplanwc,Unknown
my_blue,Commercial
myblue,Commercial
myblue hmo hix bc/bs myblue hmo hix,Commercial
narrowindividualexchange,Commercial
narrownetworkindivexchange,Commercial
narrownetworkindividualexchange,Commercial
national advantage program (nap) aetna national advantage program (nap),Commercial
nbn,Commercial
negotiated_dollar,Unknown
neighborly care localgov,Other Government
network association prison,Other Government
network llc jipanetwork,Commercial
network_blue,Commercial
new century mcr,Medicare
newbusinesshmo,Commercial
next comm,Commercial
next ppo,Commercial
nexus_hmo,Commercial
nhp,Commercial
nhp uhc nhp,Commercial
node aetna mcr adv,Medicare
node bcbs fl mcr adv,Medicare
node humana mcr adv,Medicare
node humana mcr hmo pffs,Medicare
node humana mcr ppo,Medicare
node wellcare mcr adv,Medicare
non-contracted commercial non-contracted,Commercial
non-gatekeeper aetna non-gatekeeper,Commercial
nongatedcomm,Commercial
nppnplancareamericawc,Commercial
nwb,Commercial
oap,Commercial
occunet,Commercial
occunet work comp fl,Other Government
occunetwc,Commercial
of central florida mcd,Medicaid
of central florida mcr,Medicare
of fl (health advantage plan) mcr,Medicare
of fl blue select exchange non par bc/bs of fl blue select exchange non par,Commercial
of fl health options hmo bc/bs of fl health options hmo,Commercial
of fl health options medicare bc/bs of fl health options medicare,Medicare
of fl medicare ppo bc/bs of fl medicare ppo,Medicare
of fl miami dade blue select bc/bs of fl miami dade blue select,Commercial
of fl network blue bc/bs of fl network blue,Commercial
of fl phs bc/bs of fl phs,Commercial
of fl ppo bc/bs of fl ppo,Commercial
of fl simplyblue bc/bs of fl simplyblue,Commercial
of florida aetna better health fl healthy kids,Commercial
of florida aetna better health of florida,Commercial
of florida bcbs - blue select,Commercial
of florida bcbs - healthy options,Commercial
of florida bcbs - healthy options medicare adv,Medicare
of florida bcbs - network blue,Commercial
of florida bcbs - phs,Commercial
of florida bcbs - ppo,Commercial
of florida bcbs fl bsl,Commercial
of florida bcbs fl chs employee,Commercial
of florida bcbs fl hmo,Commercial
of florida bcbs fl mbn,Commercial
of florida bcbs fl nwb,Commercial
of florida bcbs fl phs,Commercial
of florida bcbs fl ppo,Commercial
of florida bcbs medicare ppo,Medicare
of florida bcbs network blue,Commercial
of florida bcbs ppo,Commercial
of florida bcbs rehab ppo,Commercial
of florida bcbs traditional,Commercial
of florida bcbs workers compensation,Other Government
of florida exchange united healthcare of florida exchange,Commercial
of florida hmo united healthcare of florida hmo,Commercial
of florida medicare advantage mmm of florida medicare advantage,
of florida medicare advantage united healthcare of florida medicare advantage,
of florida mgmgr,
of florida mmm of fl medicare hmo,
of florida node bcbs fl mcr adv,
of florida ppo united healthcare of florida ppo,
of jacksonville wc,Commercial
of miami behavioral health university of miami behavioral health,Commercial
of north central fl federal,Commercial
of north central fl mcd,
of north central fl mcr,
of nw fl hospice of nw fl,Commercial
of nw florida comm,Commercial
of omaha mutualofomaha,Commercial
of palm beach townofpalmbeach,Commercial
of sheiff highland co gvt,Commercial
of south fl opuscare of south fl,Commercial
of texas (claims only) molinacompletecaremgdmcaid,
of texas (claims only) molinahix,Commercial
of texas (claims only) molinamgdmcaid,
of texas (claims only) molinamgdmcare,
of texas (claims only) molinamgdmcarenarrownetwork,Commercial
of treasure coast comm,Commercial
optimum mcr,
options inc bcbs health options hmo,Commercial
options inc bcbs health options medicare,
options tricare,Other Government
options value options behavioral health,Commercial
optionsppo,Commercial
optum/va,Other Government
oscar,Commercial
oscarhealthplanhix,Commercial
other facility self-pay other facility,Self Pay
other hospice other,Unknown
other medicaid other,Medicaid
other medicare other,Medicare
pace centers florida pace centers,Commercial
pace centers floridapacecentersmgdmcare,Medicare
pace centers pace,Commercial
paf commercial-historical paf,Commercial
palm beaches comm,Commercial
pay - mcd pending 100 percent self pay - mcd pending 100 percent,
pay elective self pay elective,
pay emergent self pay emergent,
pay self pay,
pay/uninsured self pay/uninsured,
pcip geha pcip,Commercial
pffs_medicare,
pffs_medicare_,
pffs_ppo_medicare_,
phcs,
phs,
phs prison,
plan hix oscar health plan hix,Commercial
plus med tourplusmedassistanceppo,
plus medicare hmo,
ppc,Commercial
ppo,Commercial
ppo optionsppo,Commercial
ppo.1,Commercial
ppo/pffs_medicare,
ppo_,Commercial
ppo_epo,Commercial
ppo_medicare,
ppo_medicare_,
ppo_nr,Commercial
pponwb,Commercial
preferred partners haapreferredpartners,Commercial
primary,Commercial
primarynetwork,Commercial
primaryppo,Commercial
prisn,Other Government
prison,Other Government
prison centurion prison,Other Government
psych_hmo,Commercial
psychcare,Commercial
psychiatric_medicaid,
psychiatric_medicare,
purchased care program logov,Commercial
qhp,Commercial
qhp_exchange,Commercial
qhp_exchange_,Commercial
quality care mcd,
radiology adinradiology,Commercial
rivers provider network workerscomp,
sarasota comm,Commercial
sbn,Commercial
seals ifsp eastersealsifsp,Commercial
select,Commercial
select network avmed select network,Commercial
selectppo,Commercial
self_funded,Self Pay
self_funded_hmo,Self Pay
selfpay,Self Pay
senior care align senior care,Commercial
senior care mcr,
senior care mgmcr,
services inc axisservicesinc,Commercial
services network behavioral services network,Commercial
services wc protegrityserviceswc,Commercial
sfl mgmcr,
sheriff's office mcr,
signature administrators (asa) aetna signature administrators (asa),Commercial
simply healthcare fl healthy kids,Commercial
simply healthcare plans,Commercial
simply mcr adv node simply mcr adv,
sinai eldercare pace mount sinai eldercare pace,Commercial
southcare,Commercial
specialty hospital select specialty hospital,Commercial
spreemomti,Commercial
spring health mcr,
state auto insurance state auto insurance fl,
state health plan medicaid sunshine state health plan medicaid,
state health plan medicare sunshine state health plan medicare,
state health plan qhp,
state mcd,
state mcr,
state mgmcd,
state_of_florida,Commercial
street beech street,Commercial
summit heritagesummithealthcareoffloridappo,Commercial
sun health plan mgmcr,
sun health plans health sun health plans,Commercial
sunshinemgdmcaid,
surefit,Commercial
surefit cigna surefit,Commercial
techhealthoptherapywc,Commercial
therapy solutions comm,Commercial
therapy solutions mgmcr,
tierednetwork,Commercial
traditional,Commercial
traditional tricare traditional,
traditionalppo,Commercial
transplant,Commercial
transplants mcr,
treasure coast mgmcd,
treasure coast mgmcr,
tribe of florida seminoletribeofflorida,Commercial
tricare,
tricare node tricare,
tricr,
triwest,
uhc apa,Commercial
uhc kids medicaid fl,Medicaid
uhc medicaid fl,Medicaid
uhc nhp,Commercial
united behavioral,Commercial
united behavioral medicaid,Medicaid
united behavioral medicare,Medicare
united behavioral va ccn node united behavioral va ccn,Commercial
united healthcare,Commercial
united healthcare commercial group 1,Commercial
united healthcare commercial group 2,Commercial
united healthcare florida healthy kids,Commercial
united healthcare medicaid,Medicaid
united healthcare medicare adv,Medicare
united healthcare nhp,Commercial
united medicare hmo,Medicare
united options ppo,Commercial
united optum va ccn,Commercial
united optum va ccn node united optum va ccn,Commercial
unitedbehavioral,Commercial
unitedcommunityplanhealthykids,Commercial
unitedcommunityplanmgdmcaid,Medicaid
unitedexchange,Commercial
unitedmgdmcare,Commercial
unitednonoptions,Commercial
unitedoptions,Commercial
us dept of labor node us dept of labor,Other Government
va ccn fed,Other Government
va choice healthnet va choice,Other Government
va node va,Other Government
vaccn,Other Government
valueoptions,Commercial
wellcare,Commercial
wellcare kids medicaid fl,Medicaid
wellcare mcr adv node wellcare mcr adv,Medicare
wellcare medicaid fl,Medicaid
wellcare medicare adv,Medicare
whole_health,Commercial
work comp fl work comp,Commercial
work comp rockport work comp,Other Government
workers comp aetna workers comp,Other Government
workers comp careworks workers comp,Other Government
workers comp fl work comp,Other Government
workers compensation fl work comp,Other Government
workers compensation fl workers compensation,Other Government
workers health plan nationalworkershealthplan,Other Government
