payer_name,bucket,specification
45,Unknown,Unknown
141,Unknown,Unknown
241,Unknown,Unknown
288,Unknown,Unknown
371,Unknown,Unknown
1016_TRULI HEALTH HMO,Commercial,Truli
1023_BLUE CROSS BLUE SHIELD,Commercial,Blue Cross Blue Shield
1024_CIGNA,Commercial,Cigna
1025_AETNA,Commercial,Aetna
1028_UNITED MEDICAL RESOURCES,Commercial,United Health Care
1085_AETNA,Commercial,Aetna
1195_HUMANA,Commercial,Humana
1195_MOLINA,Commercial,Molina
1195_SIMPLY HEALTHCARE,Commercial,Simply
1195_SUNSHINE,Commercial,Sunshine
1195_UNITEDHEALTHCARE HMO,Commercial,United Health Care
121_BLUE CROSS BLUE SHIELD,Commercial,Blue Cross Blue Shield
149_ARCHBOLD MEDICAL CENTER,Commercial,Archbold
182_AVALON PLUS,Commercial,Avalon
182_COVENTRY HEALTH CARE,Commercial,Coventry
182_PHCS NETWORK,Commercial,PHCS
182_TRILOGY,Commercial,Trilogy
29_AETNA,Commercial,Aetna
31_CENTRAL STATES,Government,Other Government
44_CIGNA,Commercial,Cigna
45_UNITED HEALTHCARE,Commercial,United Health Care
605_SECURITY HEALTH,Commercial,Security Health
64_MIDLANDS CHOICE,Commercial,Midlands
64_PCHS/HEALTHEOS,Commercial,PCHS
690_GALAXY HEALTH TRANSPLANT,Commercial,Galaxy
694_KAISER PERMANENTE TRANSPLANT,Commercial,Kaiser Permanente
696_OPTUMHEALTH TRANSPLANT,Commercial,Optum
697_6 DEGREES HEALTH TRANSPLANT,Commercial,6 Degrees
699_CENTRAL STATES TRANSPLANT,Commercial,Central State
699_TRILOGY TRANSPLANT,Commercial,Trilogy
700_HUMANA TRANSPLANT,Commercial,Humana
71_ALLIED BENEFIT SYSTEMS,Commercial,Allied Benefit
758_MEDICA,Commercial,Medica
764_PREFERRED ONE,Commercial,Preferred One
766_UNITED MEDICAL RESOURCES,Commercial,United Health Care
77_COVENTRY NATIONAL NETWORK,Commercial,Coventry
804_HEALTH DESIGN PLUS,Commercial,Health Design
814_UNITED MEDICAL RESOURCES,Commercial,United Health Care
818_HEALTH PLANS INCORPORATED TRANSPLANT,Commercial,Harvard Pilgrim
818_JP FARLEY CORP TRANSPLANT,Commercial,JP Farley
839_CIGNA,Commercial,Cigna
852_HEALTH HUB USA,Commercial,Other Commercial
857_ALLIANCE COAL HEALTH PLAN,Commercial,Alliance Coal
864_CLALIT,Commercial,Clalit
882_WALMART CANCER PROGRAM,Commercial,Walmart
882_WALMART SPINE NETWORK,Commercial,Walmart
9_MIDLANDS CHOICE NETWORK INDIVIDUAL AND FAMILY BUSINESS,Commercial,Midlands
90 DEGREE BENEFITS,Commercial,90 Degree
904_BMI,Commercial,BMI
909_UNITED MEDICAL RESOURCES,Commercial,United Health Care
938_ALLIANZ,Commercial,Allianz
961_INTERLINK HEALTH CARE,Commercial,Interlink
AARP,Commercial,AARP
AARP MCR HMO,Commercial,AARP
access,Commercial,Access
ACCESS BEAHVIORAL HEALTH HUMANA MCD,Government,Medicaid
acn,Commercial,Other Commercial
adin,Unknown,Unknown
ADMINISTRATIVE CONCEPTS [100292],Commercial,TPA
AETNA,Commercial,Aetna
Aetna,Commercial,Aetna
aetna,Commercial,Aetna
AETNA [100001],Commercial,Aetna
AETNA [210101],Commercial,Aetna
AETNA BEHAVIORAL HEALTH [100331],Commercial,Aetna
Aetna Best Choice,Commercial,Aetna
Aetna Better Health,Commercial,Aetna
aetna better health,Commercial,Aetna
AETNA BETTER HEALTH [210102],Commercial,Aetna
AETNA BETTER HEALTH [250313],Commercial,Aetna
AETNA COVENTRY MCR REPLACEMENT [250518],Government,Medicare
Aetna First Health,Commercial,Aetna
Aetna Health,Commercial,Aetna
Aetna Health/Aetna Summit,Commercial,Aetna
Aetna Healthcare of Florida/Vista Health Plan/Aetna Better Health,Commercial,Aetna
AETNA MCR REPLACEMENT,Government,Medicare
AETNA MEDICAID [450116],Government,Medicaid
AETNA MEDICARE [450126],Government,Medicare
AETNA MEDICARE ADVANTAGE,Government,Medicare
AETNA MEDICARE SUPPLEMENT [100276],Government,Medicare
AETNA NEW BUSINESS,Commercial,Aetna
AETNA NEW BUSINESS DISCOUNT,Commercial,Aetna
Aetna of FL,Commercial,Aetna
Aetna Oncology,Commercial,Aetna
AETNA QUALIFIED HEALTH PLANS,Commercial,Aetna
AETNA WHOLE HEALTH,Commercial,Aetna
AFFORDABLE,Commercial,Likely Affordable
AITHER HEALTH [100342],Commercial,Aither
Align,Commercial,Align
align,Commercial,Alignment
ALIGN SENIOR CARE [250524],Commercial,Align
alignment,Commercial,Alignment
Alignment Health,Commercial,Align
alignment_healthcare,Commercial,Alignment
alignment_healthcare_florida,Commercial,Alignment
ALLIED BENEFIT GROUP [100312],Commercial,Allied Benefit
ALLSTATE AUTO [750005],Commercial,Other Commercial
AM FIRST INSURANCE COMPANY [100355],Commercial,AM First
AMA INSURANCE [100329],Commercial,AMA
AmBetter,Commercial,Ambetter
Ambetter,Commercial,Ambetter
ambetter,Commercial,Ambetter
AMBETTER COMMERCIAL,Commercial,Ambetter
AMBETTER COMMERCIAL-EXCHANGE,Commercial,Ambetter
AMBETTER OF SUNSHINE HEALTH [100256],Commercial,Ambetter
AmBetter Oncology,Commercial,Ambetter
amcomp,Commercial,Amcomp
AMERIBEN SOLUTIONS [100319],Commercial,Ameriben
American,Commercial,American
american,Commercial,American
AMERICAN PLAN ADMINISTRATORS [100343],Commercial,American Plan Administrators
AMERICAN PUBLIC LIFE [100344],Commercial,American Public Life
americas,Commercial,American
America's Choice,Commercial,America's Choice
America's Choice Provider Network,Commercial,America's Choice
Amerigroup,Commercial,Amerigroup
amerigroup,Commercial,Amerigroup
AMERIGROUP COMMUNITY CARE [450119],Commercial,Amerigroup
AMERIHEALTH,Commercial,Amerihealth
amerihealth,Commercial,Amerihealth
Amerihealth Caritas,Commercial,Amerihealth
AmeriHealth Caritas FL,Commercial,Amerihealth
Amerihealth Caritas Oncology,Commercial,Amerihealth
AMFIRST INSURANCE COMPANY [100369],Commercial,Amfirst
AMO MEDICAL [100364],Commercial,AMO
amps,Commercial,AMPS
AMTRUST [700078],Commercial,Amtrust
anthem,Commercial,Anthm
APWU [100377],Commercial,APWU
ASCENSION SMARTHEALTH [100259],Commercial,Ascension
ASR HEALTH BENEFITS [100345],Commercial,ASR
assurant,Commercial,Assurant
ASSURANT HEALTH - AETNA ASA [100270],Commercial,Aetna
assured,Commercial,Assured
auto,Commercial,Other Commercial
AVMED,Commercial,Avmed
AvMed,Commercial,Avmed
Avmed,Commercial,Avmed
avmed,Commercial,Avmed
AVMED [100247],Commercial,Avmed
AVMED BEHAVIORAL HEALTH [100287],Commercial,Avmed
AVMED FLORIDA,Commercial,Avmed
AVMED HEALTH PLAN [250204],Commercial,Avmed
avmed_,Commercial,Avmed
avmed_health_plan,Commercial,Avmed
axis,Commercial,Axis
BAPTIST BEHAVIORAL HEALTH ENDOWMENTS [500019],Commercial,Baptist
barnett,Commercial,Barnett
BayCare,Commercial,Baycare
Baycare,Commercial,Baycare
baycare,Commercial,Baycare
baycare_select,Commercial,Baycare
baycare_select_health_plans,Commercial,Baycare
bc,Commercial,Blue Cross Blue Shield
BC ADVANTAGE MCR REPLACEMENT,Commercial,Blue Cross Blue Shield
bc/bs,Commercial,Blue Cross Blue Shield
BCBS,Commercial,Blue Cross Blue Shield
bcbs,Commercial,Blue Cross Blue Shield
BCBS [200002],Commercial,Blue Cross Blue Shield
BCBS [210001],Commercial,Blue Cross Blue Shield
BCBS BSL,Commercial,Blue Cross Blue Shield
BCBS HMO,Commercial,Blue Cross Blue Shield
BCBS MBN,Commercial,Blue Cross Blue Shield
BCBS MEDICARE [250503],Government,Medicare
BCBS MEDICARE [450127],Government,Medicare
BCBS MEDICARE SUPPLEMENT [100277],Government,Medicare
BCBS NWB,Commercial,Blue Cross Blue Shield
BCBS PHS,Commercial,Blue Cross Blue Shield
BCBS PPO,Commercial,Blue Cross Blue Shield
BCBS SBN,Commercial,Blue Cross Blue Shield
BCCEDP [500011],Commercial,Blue Cross Blue Shield
Beacon,Commercial,Beacon
beacon,Commercial,Beacon
BEACON HEALTH OPTIONS [100278],Commercial,Beacon
beech,Commercial,Beech Street
Beech Street,Commercial,Beech Street
Beech Street Supplemental Network,Commercial,Beech Street
beech_street_,Commercial,Beech Street
beech_street_corporation,Commercial,Beech Street
beech_street_corporation_,Commercial,Beech Street
beech_street_corporation_-_accelerated,Commercial,Beech Street
Beechstreet,Commercial,Beech Street
behavioral,Unknown,Unknown
Behavioral Services Network,Commercial,Behavioral Health Vendor
behealthy,Commercial,Behealthy
BENEFIT ADMINISTRATIVE SYSTEMS [100294],Commercial,TPA
better,Commercial,Other Commercial
better_health_medicaid,Government,Medicaid
blis,Commercial,Blis
BLUE,Commercial,Blue Cross Blue Shield
Blue,Commercial,Blue Cross Blue Shield
blue,Commercial,Blue Cross Blue Shield
BLUE CROSS,Commercial,Blue Cross Blue Shield
Blue Cross,Commercial,Blue Cross Blue Shield
BLUE CROSS ALIGNMENT,Commercial,Blue Cross Blue Shield
Blue Cross Blue Select,Commercial,Blue Cross Blue Shield
BLUE CROSS BLUE SHIELD,Commercial,Blue Cross Blue Shield
Blue Cross Blue Shield,Commercial,Blue Cross Blue Shield
blue cross blue shield,Commercial,Blue Cross Blue Shield
Blue Cross Blue Shield of Florida,Commercial,Blue Cross Blue Shield
Blue Cross Blue Shield of Florida (Florida Blue),Commercial,Blue Cross Blue Shield
BLUE CROSS BSL,Commercial,Blue Cross Blue Shield
Blue Cross Health Options/Blue Care,Commercial,Blue Cross Blue Shield
BLUE CROSS HMO,Commercial,Blue Cross Blue Shield
BLUE CROSS MBN,Commercial,Blue Cross Blue Shield
Blue Cross Medicare Select Advantage,Commercial,Blue Cross Blue Shield
Blue Cross MyBlue,Commercial,Blue Cross Blue Shield
Blue Cross Network Blue/Blue Options,Commercial,Blue Cross Blue Shield
BLUE CROSS NWB,Commercial,Blue Cross Blue Shield
Blue Cross Oncology,Commercial,Blue Cross Blue Shield
BLUE CROSS PHS,Commercial,Blue Cross Blue Shield
BLUE CROSS PPO,Commercial,Blue Cross Blue Shield
Blue Cross Preferred Patient Care/Blue Choice,Commercial,Blue Cross Blue Shield
BLUE CROSS SBN,Commercial,Blue Cross Blue Shield
Blue Cross Simply Blue,Commercial,Blue Cross Blue Shield
Blue Cross Traditional,Commercial,Blue Cross Blue Shield
BLUE MCR REPLACEMENT,Government,Medicare
Blue Medicare,Government,Medicare
blue_cross,Commercial,Blue Cross Blue Shield
blue_cross_&_blue_shield_of_florida,Commercial,Blue Cross Blue Shield
blue_cross_&_blue_shield_of_florida_,Commercial,Blue Cross Blue Shield
BlueCross,Commercial,Blue Cross Blue Shield
BMC EMPLOYEE HEALTH [700057],Government,Other Government
BMFL NEIGHBORHOOD HEALTH PARTNERSHIP 20201115,Commercial,United Health Care
bright,Commercial,Bright
BRIGHT HEALTH,Commercial,Bright
BRIGHT HEALTH [100283],Commercial,Bright
BRIGHT HEALTH EX,Commercial,Bright
BRIGHTON HEALTH PLAN [100325],Commercial,Brighton
bristol,Commercial,Bristol
BRISTOL WEST AUTO [750011],Commercial,Other Commercial
Broward Health,Commercial,Broward
CAPITAL,Commercial,Capital
capital,Commercial,TPA
CAPITAL HEALTH PLAN,Commercial,Capital
CAPITAL HEALTH PLAN [100255],Commercial,Capital
care,Unknown,Unknown
Carelon,Commercial,Carelon
carelon,Commercial,Carelon
CARELON BEHAVIORAL HEALTH [100379],Commercial,Carelon
CARELON BEHAVIORAL HEALTH MEDICAID [450115],Government,Medicaid
carelon_behavioral_,Commercial,Carelon
CarePlus,Commercial,CarePlus
Careplus,Commercial,CarePlus
careplus,Commercial,Careplus
CAREPLUS HEALTH MEDICARE [450130],Government,Medicare
CarePlus Health Plan,Commercial,CarePlus
CAREPLUS MCR REPLACEMENT,Commercial,Careplus
caresource,Commercial,Caresource
CARESOURCE OF GEORGIA MEDICAID [450121],Government,Medicaid
Careworks,Commercial,Careworks
careworks,Commercial,Careworks
carisk,Commercial,Carisk
catholic,Unknown,Unknown
CCMSI [700077],Commercial,TPA
CELTIC INSURANCE COMPANY [100356],Commercial,Molina
cenpatico,Commercial,Cenpatico
CENPATICO SUNSHINE HEALTH MCD,Government,Medicaid
centene,Commercial,Centene
centivo,Commercial,Centivo
CENTIVO [100272],Commercial,Centivo
CENTRAL STATES INDEMNITY [100374],Commercial,National Indemnity Group
Centurion,Commercial,Centurion
centurion,Commercial,Centurion
CHAMPVA [500001],Commercial,Champva
charity,Unknown,Unknown
CHILDREN MEDICAL SERVICES MCD,Government,Medicaid
Childrens,Government,Children's Medical Services
childrens,Government,Children's Medical Services
Children's Medical Services/Sunshine Health,Commercial,Sunshine
choice,Commercial,Choice Care
choicecare,Commercial,Choice Care
CHS,Commercial,TPA
chs,Commercial,TPA
CIGNA,Commercial,Cigna
Cigna,Commercial,Cigna
cigna,Commercial,Cigna
CIGNA [100009],Commercial,Cigna
CIGNA [210201],Commercial,Cigna
CIGNA BEHAVIORAL HEALTH [100288],Commercial,Cigna
Cigna Healthcare,Commercial,Cigna
CIGNA HEALTHCARE FL,Commercial,Cigna
CIGNA HEALTHSPRING,Commercial,Cigna
CIGNA HMO,Commercial,Cigna
CIGNA HMO NEW BUSINESS,Commercial,Cigna
CIGNA MCR HMO/PPO [250525],Commercial,Cigna
Cigna of FL,Commercial,Cigna
CIGNA PPO,Commercial,Cigna
city,Government,Other Government
classica,Commercial,Other Commercial
clay,Commercial,Clay
CLAY COUNTY SHERIFF'S OFFICE [500025],Government,Other Government
Clear,Commercial,Clear Health Alliance
clear,Commercial,Clear Health Alliance
CLEAR HEALTH ALLIANCE [450122],Commercial,Clear Health Alliance
CLEAR HEALTH ALLIANCE MCD,Government,Medicaid
Clear Springs Healthcare,Commercial,Clear Health Alliance
ClearSpring,Commercial,Clear Health Alliance
clover,Commercial,Clover
COLONIAL PENN LIFE [100295],Commercial,Colonial
commercial,Commercial,Other Commercial
commercial-historical,Commercial,Other Commercial
Community,Government,Other Government
community,Government,Medicaid
Community Care Plan,Government,Other Government
COMMUNITY CARE PLAN [450141],Government,Medicaid
Community Care Plan Oncology,Government,Other Government
COMMUNITY HOSPICE,Commercial,Other Commercial
COMMUNITY HOSPICE OF NORTHEAST FLORIDA [500012],Government,Other Government
compassionate,Commercial,Compassionate
comprehensive,Commercial,Other Commercial
COMPSYCH [100285],Commercial,Behavioral Health Vendor
concordia,Commercial,Concordia
confident,Commercial,Confident
CONSTITUTION LIFE [100354],Commercial,Constitution
contigo,Commercial,Contigo
Corizon,Commercial,Corizon
corizon,Commercial,Corizon
correct,Unknown,Unknown
correctional,Commercial,Other Commercial
CorVel,Commercial,CorVel
Corvel,Commercial,CorVel
corvel,Commercial,Corvel
COUNTRY LIFE INSURANCE [100375],Commercial,Country
coventry,Commercial,Coventry
COVENTRY [100010],Commercial,Coventry
COVENTRY MCR REPLACEMENT HMO,Government,Medicare
Coventry Network Access,Commercial,Coventry
covid19,Unknown,Unknown
CURATIVE [100388],Commercial,Curative
DANIEL MEMORIAL [500028],Government,Other Government
Devoted,Commercial,Devoted
devoted,Commercial,Devoted
DEVOTED HEALTH MEDICARE [450132],Government,Medicare
devoted_health,Commercial,Devoted
dimension,Commercial,Dimension
Dimension Health,Commercial,Dimension Health
DIMENSION HEALTH PLAN,Commercial,Dimension Health
Dimension Health/International Plus,Commercial,Dimension Health
dimensions,Commercial,Dimension
direct,Unknown,Unknown
DIRECT GENERAL AUTO [750013],Commercial,Other Commercial
DISCOVERY AUTO [750008],Commercial,Other Commercial
disney,Commercial,Other Commercial
district,Government,Other Government
doctors,Unknown,Unknown
Doctor's Healthcare,Commercial,Other Commercial
DRUG ASSISTANCE PROGRAMS [110001],Government,Other Government
EAP [107001],Commercial,Behavioral Health Vendor
easter,Commercial,Easter
EBMS [100347],Commercial,TPA
edhc,Unknown,Unknown
EMBLEM HEALTH [100313],Commercial,Emblem
Emerging,Commercial,Emerging
emerging,Unknown,Unknown
Emerging Therapy Solutions,Commercial,Emerging
EMPIRE NYSHIP [100291],Commercial,Empire Nyship
employer,Commercial,TPA
employers,Commercial,TPA
Employers Health Network,Commercial,Employers Health Network
EMPLOYERS HEALTH NETWORK FL,Commercial,Employers Health Network
ENCOMPASS HEALTH REHABILITATION,Commercial,Encompass
enlyte/genex/coventry,Commercial,Coventry
equian,Commercial,Equian
ESIS [700079],Commercial,TPA
ESTHI STUDY [500024],Unknown,Unknown
ESURANCE AUTO [750009],Commercial,Other Commercial
evernorth,Commercial,Evernorth
EVERNORTH BEHAVIORAL HEALTH,Commercial,Evernorth
Evolutions,Commercial,Evolutions
evolutions,Commercial,Other Commercial
EVOLUTIONS HEALTHCARE,Commercial,Evolutions
Evolutions Healthcare System,Commercial,Evolutions
EVOLUTIONS HEALTHCARE SYSTEMS [100266],Commercial,Evolutions
FACILITY BILLING - OP,Commercial,Other Commercial
FARM BUREAU HEALTH PLANS [100332],Commercial,Farm Bureau
FEDERAL LIFE [100362],Commercial,Federal Life
fhcp,Commercial,FHCP
FIDELIS CARE [450142],Commercial,Fidelis
First,Commercial,First
first,Commercial,First
First Health,Commercial,First
FIRST HEALTH [100261],Commercial,First
FIRST HEALTH AUTO [750012],Commercial,Other Commercial
FIRST HEALTH NETWORK,Commercial,First
first_health,Commercial,First
first_health_network,Commercial,First
FL,Commercial,Florida
fl,Government,Other Government
Florida,Commercial,Florida
florida,Government,Other Government
FLORIDA BLUE,Commercial,Florida
florida blue,Commercial,Blue Cross Blue Shield
Florida Community Care,Commercial,Florida
FLORIDA COMMUNITY CARE [450124],Commercial,Florida
Florida Community Care Oncology,Commercial,Florida
FLORIDA COMPLETE CARE MEDICARE [450139],Government,Medicare
Florida Health Care Plan,Commercial,Florida
FLORIDA HEALTH PLAN [100268],Commercial,Florida
Florida Pace Center,Commercial,Florida
florida_community_care,Government,Other Government
florida_health_care_plan,Government,Other Government
florida_healthcare_plan,Government,Other Government
Fortified Provider Network,Commercial,Fortified Provider Network
Freedom,Commercial,Freedom
freedom,Commercial,Freedom
FREEDOM FIRST HEALTHCARE [250305],Commercial,Freedom
Freedom Health,Commercial,Freedom
FREEDOM HEALTH [250505],Commercial,Freedom
FREEDOM LIFE INSURANCE [100320],Commercial,Freedom
freedom_health,Commercial,Freedom
FRINGE BENEFIT GROUP [100296],Commercial,Fringe
FSCJ STUDENT [500013],Unknown,Unknown
gadsden,Commercial,Gadsden
galaxy,Commercial,Other Commercial
gasparilla,Commercial,Gasparilla
gbg_administrative_services,Commercial,Other Commercial
GCU MEDICARE SUPPLEMENT [100387],Government,Medicare
geha,Commercial,TPA
GEHA [100039],Commercial,Government Employees Health Association
GEICO AUTO [750002],Commercial,Other Commercial
geo,Unknown,Unknown
GERBER LIFE INSURANCE [100321],Commercial,Gerber
Global Benefits Group,Commercial,Global Benefits
GLOBAL CARE [100257],Commercial,Global
GLOBAL EXCEL MANAGEMENT [250241],Commercial,Global
GLOBAL MEDICAL MANAGEMENT FL,Commercial,Global
gmmi,Commercial,Other Commercial
GMMI/Canadian Medical Network,Commercial,GMMI
GMP EMPLOYERS RETIREE TRUST [100341],Commercial,GMP Union
gold,Commercial,Other Commercial
GOLD KIDNEY HEALTH PLAN [450143],Commercial,Gold Kidney
GPM HEALTH AND LIFE INSURANCE [100370],Commercial,Government Personnel Mutual Life
GREAT SOUTHERN MEDICARE SUPPLEMENT [100348],Government,Medicare
GROUP AND PENSION ADMINISTRATORS (GPA) [100315],Commercial,TPA
GUARANTEE TRUST LIFE [100378],Commercial,Guarantee Trust
haa,Commercial,Other Commercial
HAVEN HOSPICE,Commercial,Haven
HAVEN HOSPICE [500014],Commercial,Haven
hcr,Unknown,Unknown
Health,Commercial,Health
health,Commercial,Health First
HEALTH COMP [100363],Commercial,TPA
Health First New York Health insurance,Commercial,Health
health_first,Commercial,Health First
health_first_health,Commercial,Health First
"health_first_health_plans,_inc.",Commercial,Health First
healthcare,Commercial,Other Commercial
healthfirst,Commercial,Health First
healthfirst_plans,Commercial,Health First
HEALTHGRAM [100316],Commercial,Healthgram
healthnet,Commercial,Healthnet
healthone_alliance,Commercial,Healthone
HEALTHSCOPE BENEFITS [100298],Commercial,Healthscope
HealthSmart,Commercial,Health
healthspring,Commercial,Healthspring
HEALTHSPRING MCR REPLACEMENT,Government,Medicare
healthsun,Commercial,Healthsun
HealthSun Health Plan,Commercial,Health
healthy,Commercial,Other Commercial
HEARTLAND OF HC,Commercial,Heartland Hospice
heritage,Commercial,Other Commercial
hernando-pasco,Government,Other Government
hillsborough,Government,Other Government
"HMA,LLC [100357]",Commercial,TPA
HOP ADMINISTRATION [100330],Commercial,Hop Administration
hospice,Commercial,Other Commercial
HUMANA,Commercial,Humana
Humana,Commercial,Humana
humana,Commercial,Humana
HUMANA [100052],Commercial,Humana
HUMANA [250215],Commercial,Humana
Humana Gold,Commercial,Humana
HUMANA GOLD [250508],Commercial,Humana
HUMANA GOLD CHOICE MCR REPLACEMENT,Commercial,Humana
HUMANA HMO,Commercial,Humana
HUMANA HMO CARDIOLOGY MCR REPLACEMENT,Commercial,Humana
HUMANA HMO MCR REPLACEMENT,Government,Medicare
HUMANA MCD,Government,Medicaid
HUMANA MEDICAID [450113],Government,Medicaid
HUMANA MEDICAID HMO [250318],Government,Medicaid
HUMANA MEDICARE [450128],Government,Medicare
Humana of FL,Commercial,Humana
HUMANA PPO,Commercial,Humana
HUMANA PPO MCR REPLACEMENT,Government,Medicare
Humana/Choice Care,Commercial,Humana
IAC LIFE [100366],Commercial,IAC
Ilumed,Commercial,Ilumed
ilumed,Commercial,Ilumed
ima,Commercial,Independent
imagine,Commercial,Other Commercial
IMAGINE360  [100297],Commercial,Imagine360
independent,Commercial,Other Commercial
INDEPENDENT HEALTH [100358],Commercial,Independent
ingle,Commercial,Other Commercial
INMATE HEALTH CARE,Government,Other Government
Innovative Healthcare,Commercial,Innovative
INTEGRA ADMINISTRATIVE GROUP (AKA INNOVATIVE),Commercial,Innovative
Integral,Commercial,Integral
integral,Commercial,Other Commercial
integrated,Commercial,Other Commercial
INTEGRATED BEHAVIORAL HEALTH [100286],Commercial,Integrated Behavioral Health
Intergrated,Commercial,Integrated Behavioral Health
Interlink,Commercial,Interlink
INTERNATIONAL,Commercial,International
INTERNATIONAL TRAVELERS INSURANCE [110000],Commercial,International
interplan,Commercial,Interplan
interplan_health_group,Commercial,Interplan
JACKSONVILLE JAGUARS [500023],Government,Other Government
JACKSONVILLE SHERIFF'S OFFICE [500026],Government,Other Government
jipa,Commercial,Other Commercial
KAISER PERMANENTE [100299],Commercial,Kaiser
KEMPER HEALTH [100367],Commercial,Kemper
keys,Commercial,Other Commercial
kindred,Commercial,Kindred
LEE HEALTH CARE PARTNERS [250255],Commercial,Lee Health Care
leon,Commercial,Leon
LEON MEDICAL,Commercial,Leon
LIBERTY HEALTHSHARE [100349],Commercial,Liberty
LIBERTY MUTUAL [750014],Commercial,Liberty
life,Commercial,Other Commercial
LIFE TRAC TRANSPLANT,Commercial,Life Trac
lifepath,Commercial,Other Commercial
lifetrac,Commercial,Other Commercial
liga,Commercial,Liga
lighthouse,Commercial,Lighthouse
LIMITED BENEFIT GROUP SUPPLEMENTAL [100359],Commercial,Limited Benefit Grou
LINE CONSTRUCTION BENEFIT FUND [100381],Commercial,Line Construction
Longevity,Commercial,Longevity
longevity,Commercial,Longevity
LONGEVITY HEALTH PLAN [450140],Commercial,Longevity
longevity_health_plan,Commercial,Longevity
LUCENT  [100384],Commercial,Lucent
LUCENT HEALTH [100300],Commercial,Lucent
Lucet,Commercial,Lucent
lucet,Commercial,Lucet
lucet_,Commercial,Lucet
LUMICO LIFE INSURANCE [100390],Commercial,Lumico
LUMINARE HEALTH [100389],Commercial,Luminare
Magellan,Commercial,Magellan
magellan,Commercial,Magellan
MAGELLAN MEDICAID [450114],Government,Medicaid
MAGNACARE [100317],Commercial,Magnacare
mailhandlers,Government,Other Government
MANHATTAN LIFE INSURANCE COMPANY [100360],Commercial,Manhattan Life Insurance
marion,Commercial,Marion
maritime,Commercial,Other Commercial
MARPAI HEALTH [100371],Commercial,Marpai
MBA TPA [100301],Commercial,Third Party Administrator
MCS CLASSICARE [450147],Commercial,Classicare
md,Government,Medicaid
MED MUTUAL PROTECT [100380],Commercial,Medical Mutual
MedCare International,Commercial,MedCare
medica,Commercial,TPA
MEDICA [100302],Commercial,Medica
MEDICA HEALTH PLAN,Commercial,Medica
Medica Healthcare,Commercial,Medica
MEDICAID,Government,Medicaid
medicaid,Government,Medicaid
MEDICAID OF FLORIDA [300001],Government,Medicaid
MEDICAID OF FLORIDA ALTERNATE PAYOR [300004],Government,Medicaid
MEDICAID OF GEORGIA [300002],Government,Medicaid
MEDICAID OUT OF STATE [309999],Government,Medicaid
MEDICAL MUTUAL OF OHIO [100114],Commercial,Medical Mutual
MEDICARE,Government,Medicare
medicare,Government,Medicare
MEDICARE [400001],Government,Medicare
MEDICARE ADVANTAGE,Government,Medicare
MEDICARE ALTERNATE PAYOR [888],Government,Medicare
MEDICARE MANAGED CARE,Government,Medicare
MEDICARE OTHER (NO SEQ),Government,Medicare
MEDICARE REPLACEMENT,Government,Medicare
MEDIPLUS [100265],Commercial,Mediplus
MEDI-SHARE [100303],Commercial,Medishare
medrisk,Commercial,Medrisk
mental,Commercial,Other Commercial
meritain,Commercial,Meritain
MERITAIN [100063],Commercial,Meritain
metracomp,Commercial,Metracomp
miscellaneous,Unknown,Unknown
MISCELLANEOUS AUTO/TPL [759999],Commercial,Other Commercial
MISCELLANEOUS COMMERCIAL [109999],Commercial,Other Commercial
MISCELLANEOUS CORRECTIONAL FACILITY [509998],Commercial,Other Commercial
MISCELLANEOUS HOSPICE [510000],Commercial,Other Commercial
MISCELLANEOUS MEDICAID REPLACEMENT [359999],Government,Medicaid
MISCELLANEOUS MEDICARE REPLACEMENT [459999],Government,Medicare
MISCELLANEOUS OTHER [509999],Unknown,Unknown
MISCELLANEOUS SNF [510001],Commercial,Other Commercial
MISCELLANEOUS WORKERS' COMP [709999],Government,Worker's Comp
mmm,Unknown,Unknown
MODA MEDICARE SUPPLEMENT [100376],Government,Medicare
MOLINA,Commercial,Molina
Molina,Commercial,Molina
molina,Commercial,Molina
MOLINA [100271],Commercial,Molina
Molina Complete Care,Commercial,Molina
MOLINA EXCHANGE,Commercial,Molina
Molina Healthcare,Commercial,Molina
molina healthcare,Commercial,Molina
MOLINA HEALTHCARE [250307],Commercial,Molina
Molina Healthcare of FL,Commercial,Molina
MOLINA MCR REPLACEMENT,Commercial,Molina
MOLINA MEDICAID,Government,Medicaid
MOLINA MEDICAID [450118],Government,Medicaid
Molina Oncology,Commercial,Molina
monroe,Commercial,Monroe
mount,Commercial,Mount
msmc,Unknown,Unknown
MULTIPLAN,Commercial,Multiplan
Multiplan,Commercial,Multiplan
multiplan,Commercial,Multiplan
MULTIPLAN [100258],Commercial,Multiplan
MultiPlan/PHCS,Commercial,Multiplan
MULTIPLAN/PRO AMER [250223],Commercial,Multiplan
mutual,Commercial,Medical Mutual
MUTUAL OF OMAHA [100304],Commercial,Medical Mutual
naphcare,Commercial,Naphcare
NASSAU COUNTY HEALTH DEPARTMENT [500021],Government,Other Government
NASSAU COUNTY SHERIFF'S OFFICE [500016],Government,Other Government
NASSAU LIFE AND ANNUITY [100346],Government,Other Government
national,Commercial,National
national_healthcare_solution,Commercial,National
national_healthcare_solutions,Commercial,National
NATIONWIDE AUTO [750007],Commercial,Other Commercial
nch,Commercial,National
NDMS,Government,Other Government
ndms,Commercial,National
NEIBP [100336],Unknown,Unknown
Neighborhood Health Partnership,Commercial,United Health Care
NEMOURS RESEARCH [500029],Commercial,Nemours Children's Health System
new,Commercial,Other Commercial
NEW ERA LIFE INSURANCE [100350],Commercial,New Era Life Insurance
NODE,Commercial,Node
node,Commercial,Node
NON CONTRACTED,Unknown,Unknown
NON CONTRACTED MEDICARE,Government,Medicare
non-contracted,Unknown,Unknown
NORTHEAST FLORIDA STATE HOSPITAL [500018],Government,Other Government
novanet,Commercial,Novanet
nppn,Commercial,National Preferred Provider Network
OCCUNET,Commercial,Occunet
Occunet,Commercial,Occunet
occunet,Commercial,Occunet
OCCUNET STUDENT ATHLETES [500015],Commercial,Occunet
odyssey,Commercial,Odyssey
office,Unknown,Unknown
OFFICE OF THE ATTORNEY GENERAL [500022],Government,Other Government
one,Unknown,Unknown
OPTIMED HEALTH [100382],Commercial,Optimed
Optimum,Commercial,Optimum
optimum,Commercial,Optimum
optimum_healthcare,Commercial,Optimum
Optum,Commercial,Optum
optum,Commercial,Optum
optum/va,Government,VA
OptumHealth Care Solutions,Commercial,Optum
opus,Commercial,Opus
opuscare,Commercial,Opus
orchard,Commercial,Orchard
Oscar,Commercial,Oscar
oscar,Commercial,Oscar
Oscar Health,Commercial,Oscar
oscar health,Commercial,Oscar
Oscar Health of FL,Commercial,Oscar
Oscar Health Oncology,Commercial,Oscar
OSCAR INSURANCE COMPANY [100273],Commercial,Oscar
other,Commercial,Other Commercial
PACE PARTNERS [500030],Commercial,Pace
palm,Commercial,Palm
Palm Beach ACO Reach,Commercial,Palm Beach
Palm Beach PACE,Commercial,Palm Beach
PAN AMERICAN LIFE [100368],Commercial,Pan
PARAMOUNT ADVANTAGE [100322],Commercial,Paramount
pasco,Commercial,Pasco
payer,Unknown,Unknown
PEACH STATE HEALTH PLAN [450120],Commercial,Peach State
Ped-I-Care,Commercial,Ped-I-Care
ped-i-care,Government,Other Government
PEHP HEALTH AND BENEFITS [100391],Commercial,Public Employees Health Program
penfield,Commercial,Penfield
pensacola,Commercial,Pensacola
PHCS,Commercial,PHCS
phcs,Commercial,PHCS
PHILADELPHIA AMERICAN LIFE INSURANCE [100318],Commercial,New Era Life Insurance
physician,Commercial,Other Commercial
PHYSICIANS MUTUAL [100335],Commercial,Medical Mutual
pinellas,Commercial,Pinellas
PIP AUTO [750015],Commercial,Other Commercial
Plotkin,Commercial,Plotkin
plotkin,Commercial,Plotkin
pmc,Commercial,Professional Medical Center
PNOA,Unknown,Unknown
point,Commercial,Other Commercial
polkin_health,Commercial,Polkin
positive,Commercial,Other Commercial
ppo,Commercial,Other Commercial
preferred,Commercial,Other Commercial
Preferred Care Partners,Commercial,Preferred Care Partners
Premier Health,Commercial,Premier Health
Prestige,Commercial,Prestige
prestige,Commercial,Prestige
PRESTIGE HEALTH CHOICE [450123],Commercial,Prestige
Prime,Commercial,Prime
prime,Commercial,Prime
PRIME HEALTH SERVICES,Commercial,Prime
Prime Health Services,Commercial,Prime
PRINCIPAL LIFE INSURANCE [100351],Commercial,Principale Financial Group
PRIVATE HEALTHCARE SYSTEMS [100274],Commercial,Multiplan
PRIVATE HEALTHCARE SYSTEMS FL,Commercial,Multiplan
private_healthcare_system,Commercial,Multiplan
private_healthcare_systems,Commercial,Multiplan
PROGRESSIVE AUTO [750004],Commercial,Other Commercial
PROMEDICA HOSPICE [500032],Commercial,Promedica
prominence,Commercial,Prominence
PROSPERITY LIFE GROUP [100372],Commercial,Prosperity
protegrity,Commercial,Protegrity
protocol_tertiary_networks,Commercial,Multiplan
Provider Network of America,Commercial,Provider Network of America
Putnam,Commercial,Putnam
QUALITY HEALTH,Commercial,Quality Health
Quality Health Management,Commercial,Quality Health
Quik Trip,Commercial,Quik Trip
regency,Commercial,Regency
REGIONAL CARE INC [100373],Commercial,Regional Care
RESEARCH MEDICARE [400003],Government,Medicare
Rockport,Commercial,Rockport
rockport,Commercial,Rockport
s,Commercial,Other Commercial
S&S HEALTH [100361],Commercial,S&S Health
school,Unknown,Unknown
SEAFARERS HEALTH AND BENEFIT [100352],Commercial,Seafarers
SEAFARERS HEALTH AND BENEFIT ALT [10035201],Commercial,Seafarers
seasons,Commercial,Seasons
SECURE,Commercial,Other Commercial
Seguro Reservas International,Commercial,Seguros Reservas
select,Commercial,Other Commercial
SELECTHEALTH [450145],Commercial,Select Health
Self,Self Pay,Self Pay
self,Self Pay,Self Pay
Self Pay,Self Pay,Self Pay
selfpay,Self Pay,Self Pay
self-pay,Self Pay,Self Pay
SELMAN AND COMPANY [100323],Commercial,Selman and Company
seminole,Commercial,Seminole
SEMINOLE TRIBE OF FL,Government,Other Government
seven,Commercial,Other Commercial
SILAC [100365],Commercial,Silac
Simply,Commercial,Simply
simply,Commercial,Simply
Simply Freedom Optimum,Commercial,Simply
Simply Freedom Optimum Oncology,Commercial,Simply
Simply Healthcare,Commercial,Simply
SIMPLY HEALTHCARE [100262],Commercial,Simply
SIMPLY HEALTHCARE [250309],Commercial,Simply
SIMPLY HEALTHCARE MEDICAID [450117],Government,Medicaid
Simply Healthcare Oncology,Commercial,Simply
SIMPLY HEALTHCARE PLAN MCD,Government,Medicaid
Simply Healthcare/Clear Health Alliance,Commercial,Simply
Simply Healthy Kids,Commercial,Simply
simply_health,Commercial,Simply
simply_healthcare,Commercial,Simply
simply_healthcare_plans,Commercial,Simply
single,Commercial,Other Commercial
SMARTHEALTH,Commercial,Smarthealth
Solis,Commercial,Solis
solis,Commercial,Solis
Solis Health,Commercial,Solis
SOLIS HEALTH PLANS [450146],Commercial,Solis
south,Commercial,South
southcare,Commercial,South
spreemo,Commercial,Spreemo
ST JOHNS COUNTY SHERIFF'S OFFICE [500027],Government,Other Government
star,Commercial,Star
Star Healthcare Network,Commercial,Star
STAR HEALTHCARE NETWORK FL,Commercial,Star
State,Government,Other Government
state,Government,Other Government
STATE FARM AUTO [750003],Commercial,Other Commercial
STATE FARM HEALTH INSURANCE [100383],Commercial,State Farm
streamline,Commercial,Streamline
suncoast,Commercial,Suncoast
SUNSHINE,Commercial,Sunshine
Sunshine,Commercial,Sunshine
sunshine,Commercial,Sunshine
Sunshine Health,Commercial,Sunshine
SUNSHINE STATE,Commercial,Sunshine
Sunshine State,Commercial,Sunshine
Sunshine State Health Plan,Commercial,Sunshine
SUNSHINE STATE HEALTH PLAN [250311],Commercial,Sunshine
SUNSHINE STATE HEALTH PLAN [450111],Commercial,Sunshine
Sunshine State Health Plan Healthy Kids,Commercial,Sunshine
Sunshine State Oncology,Commercial,Sunshine
sunshine_state,Commercial,Sunshine
sunshine_state_health_,Commercial,Sunshine
sunshine_state_health_plan,Commercial,Sunshine
sunshinexch,Commercial,Sunshine
swing,Commercial,Swing
TEAMSTERS CENTRAL PA AND WELFARE [100386],Government,Other Government
techhealth,Commercial,Techhealth
tehtys_health_ventures,Commercial,Tehtys
texas,Government,Other Government
the,Unknown,Unknown
THE HARTFORD [700076],Commercial,Hartford
THE HEALTH PLAN [100305],Commercial,TPA
THE LOOMIS COMPANY [100328],Commercial,Loomis
three,Commercial,Other Commercial
THRIVENT [100326],Commercial,Thrivent
tour,Commercial,Other Commercial
Tour + Med Assistance International,Commercial,Tour
town,Unknown,Unknown
TRANSAMERICA LIFE [100306],Commercial,Transamerica
TRICARE,Government,Tricare
tricare,Government,Tricare
TRICARE [600001],Government,Tricare
TRICARE FL,Government,Tricare
Tricare Military (Humana Behavioral Health),Government,VA
Trident Global Assistance International,Commercial,Trident
TRIWEST,Government,Tricare
triwest,Government,Tricare
TRULI,Commercial,Truli
truli,Commercial,Truli
TRUSTMARK HEALTH BENEFITS [100327],Commercial,Trustmark
TUFTS HEALTH PLAN [100324],Commercial,Tufts
UF HEALTH DIRECT CARE HMO [100267],Commercial,UF Health
UF HEALTH PROTON THERAPY INSTITUTE [500017],Commercial,UF Health
UHC,Commercial,United Health Care
uhc,Commercial,United Health Care
UHC EMPIRE [100284],Commercial,United Health Care
UHC HMO,Commercial,United Health Care
UHC NHP,Commercial,United Health Care
UHC PPO,Commercial,United Health Care
UHC WELLMED MCR REPLACEMENT,Government,Medicare
UHP ADMINISTRATORS [100353],Commercial,United Health Care
Ultimate,Commercial,Ultimate
ultimate,Commercial,Other Commercial
UNICARE [100307],Commercial,Unicare
UNIFIED LIFE INSURANCE COMPANY [100337],Commercial,Unified Life Insurance Company
United,Commercial,United Health Care
united,Commercial,United Health Care
United AARP,Commercial,United Health Care
UNITED AMERICAN INSURANCE [100308],Commercial,United Health Care
UNITED HEALTH CARE MCD,Government,Medicaid
UNITED HEALTH CARE MEDICARE,Government,Medicare
UNITED HEALTH CARE OF FL,Commercial,United Health Care
UNITED HEALTH MCR HMO/PPO [250515],Commercial,United Health Care
UNITED HEALTHCARE,Commercial,United Health Care
United Healthcare,Commercial,United Health Care
united healthcare,Commercial,United Health Care
UNITED HEALTHCARE [100060],Commercial,United Health Care
UNITED HEALTHCARE [210402],Commercial,United Health Care
UNITED HEALTHCARE BEHAVIORAL HEALTH [100289],Commercial,United Health Care
United Healthcare Community Plan/Healthy Kids,Commercial,United Health Care
UNITED HEALTHCARE MEDICAID [450112],Government,Medicaid
UNITED HEALTHCARE MEDICAID BEHAVIORAL HEALTH [450138],Government,Medicaid
UNITED HEALTHCARE MEDICARE [450021],Government,Medicare
UNITED HEALTHCARE MEDICARE BEHAVIORAL HEALTH [450136],Government,Medicare
UNITED HEALTHCARE MEDICARE SUPPLEMENT [100275],Government,Medicare
United Healthcare Oncology,Commercial,United Health Care
United International,Commercial,United Health Care
UNITED MINE WORKERS [100339],Commercial,United Health Care
UNITED MINE WORKERS [450033],Commercial,United Health Care
UNITED WORLD LIFE INSURANCE COMPANY [100338],Commercial,United Health Care
United/WellMed,Commercial,United Health Care
united_healthcare,Commercial,United Health Care
united_optum,Commercial,United Health Care
unitedhealth,Commercial,United Health Care
university,Unknown,Unknown
upmc,Commercial,UPMC
UPMC MEDICARE [450131],Government,Medicare
upmc_health_plan,Commercial,UPMC
us,Government,Other Government
US HEALTH GROUP [100309],Commercial,United Health Care
US Maritime Consultants,Commercial,Maritime Employer Plans
usa,Government,Other Government
USA Manage Care Organization,Commercial,USA Managed Care
USA Managed Care,Commercial,USA Managed Care
USA Managed Care Organization,Commercial,USA Managed Care
USAA AUTO [750006],Commercial,Other Commercial
USAA LIFE [100310],Commercial,USAA
va,Government,VA
value,Commercial,Other Commercial
Velocity National Provider Network,Commercial,Velocity
Velocity Provider PPO Network,Commercial,Velocity
VETERAN,Government,VA
Veterans,Government,VA
veterans,Government,VA
VETERANS ADMINISTRATION,Government,VA
VETERANS ADMINISTRATION [100068],Government,VA
VETERANS ADMINISTRATION ALTERNATE PAYOR [100290],Government,VA
Viking Cruises,Commercial,Viking
vitas,Commercial,Vitas
VITAS HEALTHCARE OF FLORIDA [500031],Commercial,Vitas
VIVIDA HEALTH MEDICAID [350007],Government,Medicaid
volusia,Commercial,Volusia
VOLUSIA HEALTH NETWORK [100263],Commercial,Volusia
WC AIG [700069],Government,Worker's Comp
WC ALL ELITE WRESTLING [700075],Government,Worker's Comp
WC AMERISYS [700070],Government,Worker's Comp
WC BAPTIST OCCUPATIONAL HEALTH [700061],Government,Worker's Comp
WC BERKLEY SPECIALTY- JAGUARS [700060],Government,Worker's Comp
WC BLUE CROSS [700063],Government,Worker's Comp
WC CITY OF JACKSONVILLE [700065],Government,Worker's Comp
WC CORVEL [700067],Government,Worker's Comp
WC COVENTRY HEALTH CARE [700068],Government,Worker's Comp
WC GALLAGHER & BASSET [700071],Government,Worker's Comp
WC JACKSONVILLE JUMBO SHRIMP [700054],Government,Worker's Comp
WC JACKSONVILLE SHARKS [700074],Government,Worker's Comp
WC JOHNS EASTERN [700058],Government,Worker's Comp
WC MULTIPLAN [700066],Commercial,Multiplan
WC NE FL ST HOSP/FL DPT INSUR [700062],Government,Worker's Comp
WC OCCUPATIONAL HLTH PHYS THER [700056],Government,Worker's Comp
WC PRIME COMP [700064],Government,Worker's Comp
WC SEDGWICK/PATIENT ACCOUNTING [700055],Government,Worker's Comp
WC US DEPARTMENT OF LABOR [700023],Government,Worker's Comp
WE CARE [500020],Government,Other Government
WEB TPA [100311],Commercial,TPA
WELLCARE,Commercial,Wellcare
WellCare,Commercial,Wellcare
Wellcare,Commercial,Wellcare
wellcare,Commercial,Wellcare
WELLCARE HEALTH PLAN [250516],Commercial,Wellcare
WellCare Healthy Kids,Commercial,Wellcare
WELLCARE MEDICARE [450129],Government,Medicare
WELLCARE MEDICARE ADVANTAGE PLAN,Government,Medicare
WellCare Oncology,Commercial,Wellcare
WellCare/Stay Well,Commercial,Wellcare
wellcare/staywell,Commercial,Wellcare
wellcare_of_florida,Commercial,Wellcare
Wellmed,Commercial,Wellmed
wellmed,Commercial,Wellmed
WellPath,Commercial,Wellpath
wellpath,Commercial,Wellpath
westchester,Commercial,Westchester
WESTERN & SOUTHERN LIFE [100385],Commercial,Western & Southern Life
workers,Government,Worker's Comp
workmans,Government,Worker's Comp
World Medical Management Solutions,Commercial,World Medical Management Solutions
WPS ADMINISTRATIVE SERVICES [100340],Commercial,TPA
zelis,Commercial,Zelis
