zip_code,county,city,state
32099,Duval,Jacksonville,FL
32202,Duval,Jacksonville,FL
32204,Duval,Jacksonville,FL
32205,Duval,Jacksonville,FL
32206,Duval,Jacksonville,FL
32207,Duval,Jacksonville,FL
32208,Duval,Jacksonville,FL
32209,Duval,Jacksonville,FL
32210,Duval,Jacksonville,FL
32211,Duval,Jacksonville,FL
32216,Duval,Jacksonville,FL
32217,Duval,Jacksonville,FL
32218,Duval,Jacksonville,FL
32219,Duval,Jacksonville,FL
32220,Duval,Jacksonville,FL
32221,Duval,Jacksonville,FL
32222,Duval,Jacksonville,FL
32223,Duval,Jacksonville,FL
32224,Duval,Jacksonville,FL
32225,Duval,Jacksonville,FL
32226,Duval,Jacksonville,FL
32227,Duval,Jacksonville,FL
32228,Duval,Jacksonville,FL
32233,Duval,Atlantic Beach,FL
32234,Duval,Jacksonville,FL
32244,Duval,Jacksonville,FL
32246,Duval,Jacksonville,FL
32250,Duval,Jacksonville Beach,FL
32254,Duval,Jacksonville,FL
32256,Duval,Jacksonville,FL
32257,Duval,Jacksonville,FL
32258,Duval,Jacksonville,FL
32277,Duval,Jacksonville,FL
33301,Broward,Fort Lauderdale,FL
33304,Broward,Fort Lauderdale,FL
33305,Broward,Fort Lauderdale,FL
33306,Broward,Fort Lauderdale,FL
33308,Broward,Fort Lauderdale,FL
33309,Broward,Fort Lauderdale,FL
33311,Broward,Fort Lauderdale,FL
33312,Broward,Fort Lauderdale,FL
33313,Broward,Lauderhill,FL
33314,Broward,Davie,FL
33315,Broward,Fort Lauderdale,FL
33316,Broward,Fort Lauderdale,FL
33317,Broward,Plantation,FL
33319,Broward,Lauderhill,FL
33321,Broward,Tamarac,FL
33322,Broward,Plantation,FL
33323,Broward,Sunrise,FL
33324,Broward,Plantation,FL
33325,Broward,Plantation,FL
33326,Broward,Weston,FL
33327,Broward,Weston,FL
33328,Broward,Davie,FL
33330,Broward,Davie,FL
33331,Broward,Weston,FL
33332,Broward,Southwest Ranches,FL
33010,Miami-Dade,Hialeah,FL
33012,Miami-Dade,Hialeah,FL
33013,Miami-Dade,Hialeah,FL
33014,Miami-Dade,Hialeah,FL
33015,Miami-Dade,Miami Lakes,FL
33016,Miami-Dade,Hialeah,FL
33018,Miami-Dade,Hialeah,FL
33030,Miami-Dade,Homestead,FL
33031,Miami-Dade,Homestead,FL
33032,Miami-Dade,Homestead,FL
33033,Miami-Dade,Homestead,FL
33034,Miami-Dade,Florida City,FL
33054,Miami-Dade,OPA Locka,FL
33055,Miami-Dade,Miami Gardens,FL
33056,Miami-Dade,Miami Gardens,FL
33125,Miami-Dade,Miami,FL
33126,Miami-Dade,Miami,FL
33127,Miami-Dade,Miami,FL
33128,Miami-Dade,Miami,FL
33129,Miami-Dade,Miami,FL
33130,Miami-Dade,Miami,FL
33131,Miami-Dade,Miami,FL
33132,Miami-Dade,Miami,FL
33133,Miami-Dade,Miami,FL
33134,Miami-Dade,Coral Gables,FL
33135,Miami-Dade,Miami,FL
33136,Miami-Dade,Miami,FL
33137,Miami-Dade,Miami,FL
33138,Miami-Dade,Miami,FL
33139,Miami-Dade,Miami Beach,FL
33140,Miami-Dade,Miami Beach,FL
33141,Miami-Dade,Miami Beach,FL
33142,Miami-Dade,Miami,FL
33143,Miami-Dade,South Miami,FL
33144,Miami-Dade,Miami,FL
33145,Miami-Dade,Miami,FL
33146,Miami-Dade,Coral Gables,FL
33147,Miami-Dade,Miami,FL
33149,Miami-Dade,Key Biscayne,FL
33150,Miami-Dade,Miami,FL
33154,Miami-Dade,Bal Harbour,FL
33155,Miami-Dade,Miami,FL
33156,Miami-Dade,Miami,FL
33157,Miami-Dade,Palmetto Bay,FL
33158,Miami-Dade,Palmetto Bay,FL
33160,Miami-Dade,North Miami Beach,FL
33161,Miami-Dade,North Miami,FL
33162,Miami-Dade,North Miami Beach,FL
33165,Miami-Dade,Miami,FL
33166,Miami-Dade,Miami Springs,FL
33167,Miami-Dade,Miami,FL
33168,Miami-Dade,Miami,FL
33169,Miami-Dade,Miami Gardens,FL
33170,Miami-Dade,Homestead,FL
33172,Miami-Dade,Miami,FL
33173,Miami-Dade,Miami,FL
33174,Miami-Dade,Miami,FL
33175,Miami-Dade,Miami,FL
33176,Miami-Dade,Miami,FL
33177,Miami-Dade,Miami,FL
33178,Miami-Dade,Doral,FL
33179,Miami-Dade,Miami,FL
33180,Miami-Dade,Aventura,FL
33181,Miami-Dade,North Miami,FL
33182,Miami-Dade,Miami,FL
33183,Miami-Dade,Miami,FL
33184,Miami-Dade,Miami,FL
33185,Miami-Dade,Miami,FL
33186,Miami-Dade,Miami,FL
33187,Miami-Dade,Miami,FL
33189,Miami-Dade,Cutler Bay,FL
33190,Miami-Dade,Cutler Bay,FL
33193,Miami-Dade,Miami,FL
33194,Miami-Dade,Miami,FL
33196,Miami-Dade,Miami,FL
33197,Miami-Dade,Miami,FL
33401,Palm Beach,West Palm Beach,FL
33403,Palm Beach,West Palm Beach,FL
33404,Palm Beach,Riviera Beach,FL
33405,Palm Beach,West Palm Beach,FL
33406,Palm Beach,West Palm Beach,FL
33407,Palm Beach,West Palm Beach,FL
33408,Palm Beach,Palm Beach Gardens,FL
33409,Palm Beach,West Palm Beach,FL
33410,Palm Beach,Palm Beach Gardens,FL
33411,Palm Beach,West Palm Beach,FL
33412,Palm Beach,West Palm Beach,FL
33413,Palm Beach,West Palm Beach,FL
33414,Palm Beach,Wellington,FL
33415,Palm Beach,West Palm Beach,FL
33417,Palm Beach,West Palm Beach,FL
33418,Palm Beach,Palm Beach Gardens,FL
33426,Palm Beach,Boynton Beach,FL
33428,Palm Beach,Boca Raton,FL
33431,Palm Beach,Boca Raton,FL
33432,Palm Beach,Boca Raton,FL
33433,Palm Beach,Boca Raton,FL
33434,Palm Beach,Boca Raton,FL
33435,Palm Beach,Boynton Beach,FL
33436,Palm Beach,Boynton Beach,FL
33437,Palm Beach,Boynton Beach,FL
33440,Palm Beach,Clewiston,FL
33444,Palm Beach,Delray Beach,FL
33445,Palm Beach,Delray Beach,FL
33446,Palm Beach,Delray Beach,FL
33458,Palm Beach,Jupiter,FL
33460,Palm Beach,Lake Worth Beach,FL
33461,Palm Beach,Lake Worth,FL
33462,Palm Beach,Lantana,FL
33463,Palm Beach,Lake Worth,FL
33467,Palm Beach,Lake Worth,FL
33470,Palm Beach,Loxahatchee,FL
33480,Palm Beach,Palm Beach,FL
33486,Palm Beach,Boca Raton,FL
33487,Palm Beach,Boca Raton,FL
33496,Palm Beach,Boca Raton,FL
33510,Hillsborough,Brandon,FL
33511,Hillsborough,Brandon,FL
33534,Hillsborough,Gibsonton,FL
33547,Hillsborough,Lithia,FL
33549,Hillsborough,Lutz,FL
33556,Hillsborough,Odessa,FL
33558,Hillsborough,Lutz,FL
33559,Hillsborough,Lutz,FL
33563,Hillsborough,Plant City,FL
33565,Hillsborough,Plant City,FL
33566,Hillsborough,Plant City,FL
33569,Hillsborough,Riverview,FL
33570,Hillsborough,Ruskin,FL
33572,Hillsborough,Apollo Beach,FL
33573,Hillsborough,Sun City Center,FL
33578,Hillsborough,Riverview,FL
33579,Hillsborough,Riverview,FL
33584,Hillsborough,Seffner,FL
33594,Hillsborough,Valrico,FL
33596,Hillsborough,Valrico,FL
33602,Hillsborough,Tampa,FL
33603,Hillsborough,Tampa,FL
33604,Hillsborough,Tampa,FL
33605,Hillsborough,Tampa,FL
33606,Hillsborough,Tampa,FL
33607,Hillsborough,Tampa,FL
33609,Hillsborough,Tampa,FL
33610,Hillsborough,Tampa,FL
33611,Hillsborough,Tampa,FL
33612,Hillsborough,Tampa,FL
33613,Hillsborough,Tampa,FL
33614,Hillsborough,Tampa,FL
33615,Hillsborough,Tampa,FL
33616,Hillsborough,Tampa,FL
33617,Hillsborough,Temple Terrace,FL
33618,Hillsborough,Tampa,FL
33619,Hillsborough,Tampa,FL
33624,Hillsborough,Tampa,FL
33625,Hillsborough,Tampa,FL
33626,Hillsborough,Tampa,FL
33629,Hillsborough,Tampa,FL
33634,Hillsborough,Tampa,FL
33635,Hillsborough,Tampa,FL
33637,Hillsborough,Tampa,FL
33647,Hillsborough,Tampa,FL
33701,Pinellas,Saint Petersburg,FL
33702,Pinellas,Saint Petersburg,FL
33703,Pinellas,Saint Petersburg,FL
33704,Pinellas,Saint Petersburg,FL
33705,Pinellas,Saint Petersburg,FL
33706,Pinellas,Saint Pete Beach,FL
33707,Pinellas,Gulfport,FL
33708,Pinellas,Madeira Beach,FL
33709,Pinellas,Saint Petersburg,FL
33710,Pinellas,Saint Petersburg,FL
33711,Pinellas,Saint Petersburg,FL
33712,Pinellas,Saint Petersburg,FL
33713,Pinellas,Saint Petersburg,FL
33714,Pinellas,Saint Petersburg,FL
33715,Pinellas,Saint Petersburg,FL
33716,Pinellas,Saint Petersburg,FL
33755,Pinellas,Clearwater,FL
33756,Pinellas,Clearwater,FL
33759,Pinellas,Clearwater,FL
33760,Pinellas,Clearwater,FL
33761,Pinellas,Clearwater,FL
33762,Pinellas,Clearwater,FL
33763,Pinellas,Clearwater,FL
33764,Pinellas,Clearwater,FL
33765,Pinellas,Clearwater,FL
33770,Pinellas,Largo,FL
33771,Pinellas,Largo,FL
33772,Pinellas,Seminole,FL
33773,Pinellas,Largo,FL
33774,Pinellas,Largo,FL
33775,Pinellas,Largo,FL
33776,Pinellas,Largo,FL
33777,Pinellas,Seminole,FL
33778,Pinellas,Largo,FL
33781,Pinellas,Pinellas Park,FL
33782,Pinellas,Pinellas Park,FL
33785,Pinellas,Indian Rocks Beach,FL
33786,Pinellas,Belleair Beach,FL
32801,Orange,Orlando,FL
32803,Orange,Orlando,FL
32804,Orange,Orlando,FL
32805,Orange,Orlando,FL
32806,Orange,Orlando,FL
32807,Orange,Orlando,FL
32808,Orange,Orlando,FL
32809,Orange,Orlando,FL
32810,Orange,Orlando,FL
32811,Orange,Orlando,FL
32812,Orange,Orlando,FL
32817,Orange,Orlando,FL
32818,Orange,Orlando,FL
32819,Orange,Orlando,FL
32820,Orange,Orlando,FL
32821,Orange,Orlando,FL
32822,Orange,Orlando,FL
32824,Orange,Orlando,FL
32825,Orange,Orlando,FL
32826,Orange,Orlando,FL
32827,Orange,Orlando,FL
32828,Orange,Orlando,FL
32829,Orange,Orlando,FL
32832,Orange,Orlando,FL
32835,Orange,Orlando,FL
32836,Orange,Orlando,FL
32837,Orange,Orlando,FL
32839,Orange,Orlando,FL
32853,Orange,Orlando,FL
